2026-03-13 19:30:50,836 [worker:bot_worker] INFO: Starting worker for user_id=3
2026-03-13 19:30:51,874 [worker:httpx] INFO: HTTP Request: GET https://www.okx.com/api/v5/public/instruments?instType=SWAP "HTTP/2 200 OK"
2026-03-13 19:30:51,878 [worker:okx_client] INFO: Loaded 115 USDT-SWAP instruments
2026-03-13 19:30:52,374 [worker:httpx] INFO: HTTP Request: POST https://www.okx.com/api/v5/account/set-position-mode "HTTP/2 401 Unauthorized"
2026-03-13 19:30:52,375 [worker:okx_client] INFO: set_position_mode: {'msg': 'Request header OK-ACCESS-PASSPHRASE incorrect.', 'code': '50105'}
2026-03-13 19:30:52,642 [worker:httpx] INFO: HTTP Request: POST https://www.okx.com/api/v5/account/set-leverage "HTTP/2 401 Unauthorized"
2026-03-13 19:30:52,643 [worker:okx_client] WARNING: set_leverage ADA-USDT-SWAP: {'msg': 'Request header OK-ACCESS-PASSPHRASE incorrect.', 'code': '50105'}
2026-03-13 19:30:52,913 [worker:httpx] INFO: HTTP Request: POST https://www.okx.com/api/v5/account/set-leverage "HTTP/2 401 Unauthorized"
2026-03-13 19:30:52,913 [worker:okx_client] WARNING: set_leverage ETH-USDT-SWAP: {'msg': 'Request header OK-ACCESS-PASSPHRASE incorrect.', 'code': '50105'}
2026-03-13 19:30:53,287 [worker:httpx] INFO: HTTP Request: POST https://www.okx.com/api/v5/account/set-leverage "HTTP/2 401 Unauthorized"
2026-03-13 19:30:53,288 [worker:okx_client] WARNING: set_leverage DOGE-USDT-SWAP: {'msg': 'Request header OK-ACCESS-PASSPHRASE incorrect.', 'code': '50105'}
2026-03-13 19:30:53,662 [worker:httpx] INFO: HTTP Request: POST https://www.okx.com/api/v5/account/set-leverage "HTTP/2 401 Unauthorized"
2026-03-13 19:30:53,663 [worker:okx_client] WARNING: set_leverage XRP-USDT-SWAP: {'msg': 'Request header OK-ACCESS-PASSPHRASE incorrect.', 'code': '50105'}
2026-03-13 19:30:54,047 [worker:httpx] INFO: HTTP Request: POST https://www.okx.com/api/v5/account/set-leverage "HTTP/2 401 Unauthorized"
2026-03-13 19:30:54,047 [worker:okx_client] WARNING: set_leverage SOL-USDT-SWAP: {'msg': 'Request header OK-ACCESS-PASSPHRASE incorrect.', 'code': '50105'}
2026-03-13 19:30:54,447 [worker:httpx] INFO: HTTP Request: POST https://www.okx.com/api/v5/account/set-leverage "HTTP/2 401 Unauthorized"
2026-03-13 19:30:54,447 [worker:okx_client] WARNING: set_leverage BTC-USDT-SWAP: {'msg': 'Request header OK-ACCESS-PASSPHRASE incorrect.', 'code': '50105'}
2026-03-13 19:30:54,836 [worker:httpx] INFO: HTTP Request: POST https://www.okx.com/api/v5/account/set-leverage "HTTP/2 401 Unauthorized"
2026-03-13 19:30:54,837 [worker:okx_client] WARNING: set_leverage SHIB-USDT-SWAP: {'msg': 'Request header OK-ACCESS-PASSPHRASE incorrect.', 'code': '50105'}
2026-03-13 19:30:55,219 [worker:httpx] INFO: HTTP Request: POST https://www.okx.com/api/v5/account/set-leverage "HTTP/2 401 Unauthorized"
2026-03-13 19:30:55,220 [worker:okx_client] WARNING: set_leverage XLM-USDT-SWAP: {'msg': 'Request header OK-ACCESS-PASSPHRASE incorrect.', 'code': '50105'}
2026-03-13 19:30:55,274 [worker:engine] INFO: Restored reference prices from DB
2026-03-13 19:30:55,275 [worker:position] INFO: Position state restored: {'is_open': True, 'long_basket': 'basket2', 'short_basket': 'basket1', 'entry_spread': 5.1685, 'entry_time': None, 'dca_count': 3, 'positions': {}}
2026-03-13 19:30:55,656 [worker:httpx] INFO: HTTP Request: GET https://www.okx.com/api/v5/account/positions?instType=SWAP "HTTP/2 401 Unauthorized"
2026-03-13 19:30:55,657 [worker:engine] WARNING: Could not sync positions with exchange — using saved state
2026-03-13 19:30:55,705 [worker:engine] INFO: Config: entry=2.00%, TP=1.50%, SL=0.20% (enabled=0)
2026-03-13 19:30:55,764 [worker:okx.websocket.WsPublicAsync] INFO: Connecting to WebSocket...
2026-03-13 19:30:57,112 [worker:okx.websocket.WebSocketFactory] INFO: WebSocket connection established.
2026-03-13 19:30:57,112 [worker:okx_client] INFO: Subscribed to tickers: ['ADA-USDT-SWAP', 'ETH-USDT-SWAP', 'DOGE-USDT-SWAP', 'XRP-USDT-SWAP', 'SOL-USDT-SWAP', 'BTC-USDT-SWAP', 'SHIB-USDT-SWAP', 'XLM-USDT-SWAP']
2026-03-13 19:30:57,604 [worker:httpx] INFO: HTTP Request: GET https://www.okx.com/api/v5/market/ticker?instId=ADA-USDT-SWAP "HTTP/2 200 OK"
2026-03-13 19:30:57,998 [worker:httpx] INFO: HTTP Request: GET https://www.okx.com/api/v5/market/ticker?instId=ETH-USDT-SWAP "HTTP/2 200 OK"
2026-03-13 19:30:58,417 [worker:httpx] INFO: HTTP Request: GET https://www.okx.com/api/v5/market/ticker?instId=DOGE-USDT-SWAP "HTTP/2 200 OK"
2026-03-13 19:30:58,783 [worker:httpx] INFO: HTTP Request: GET https://www.okx.com/api/v5/market/ticker?instId=XRP-USDT-SWAP "HTTP/2 200 OK"
2026-03-13 19:30:59,192 [worker:httpx] INFO: HTTP Request: GET https://www.okx.com/api/v5/market/ticker?instId=SOL-USDT-SWAP "HTTP/2 200 OK"
2026-03-13 19:30:59,545 [worker:httpx] INFO: HTTP Request: GET https://www.okx.com/api/v5/market/ticker?instId=BTC-USDT-SWAP "HTTP/2 200 OK"
2026-03-13 19:30:59,924 [worker:httpx] INFO: HTTP Request: GET https://www.okx.com/api/v5/market/ticker?instId=SHIB-USDT-SWAP "HTTP/2 200 OK"
2026-03-13 19:31:00,303 [worker:httpx] INFO: HTTP Request: GET https://www.okx.com/api/v5/market/ticker?instId=XLM-USDT-SWAP "HTTP/2 200 OK"
2026-03-13 19:31:00,678 [worker:httpx] INFO: HTTP Request: GET https://www.okx.com/api/v5/account/balance "HTTP/2 401 Unauthorized"
2026-03-13 19:31:00,679 [worker:engine] WARNING: REST API unavailable: get_balance failed: {'msg': 'Request header OK-ACCESS-PASSPHRASE incorrect.', 'code': '50105'} — throttling requests
2026-03-13 19:31:01,159 [worker:engine] INFO: First tick: ADA-USDT-SWAP = 0.3062
2026-03-13 19:31:01,459 [worker:httpx] INFO: HTTP Request: GET https://www.okx.com/api/v5/account/positions?instType=SWAP "HTTP/2 401 Unauthorized"
2026-03-13 19:31:01,460 [worker:engine] WARNING: Position sync failed: get_positions failed: {'msg': 'Request header OK-ACCESS-PASSPHRASE incorrect.', 'code': '50105'}
2026-03-13 19:31:01,460 [worker:position] INFO: CLOSE (take_profit): spread=1.0633 pnl=4.1052%
2026-03-13 19:31:01,839 [worker:httpx] INFO: HTTP Request: GET https://www.okx.com/api/v5/account/positions?instType=SWAP "HTTP/2 401 Unauthorized"
2026-03-13 19:31:01,840 [worker:position] ERROR: Failed to execute close orders
Traceback (most recent call last):
  File "/Users/nickly/Desktop/robot/bot_manager/trading/position.py", line 313, in _close_position
    self._execute_close()
    ~~~~~~~~~~~~~~~~~~~^^
  File "/Users/nickly/Desktop/robot/bot_manager/trading/position.py", line 481, in _execute_close
    positions = self.okx.get_positions()
  File "/Users/nickly/Desktop/robot/bot_manager/trading/okx_client.py", line 119, in get_positions
    raise RuntimeError(f"get_positions failed: {r}")
RuntimeError: get_positions failed: {'msg': 'Request header OK-ACCESS-PASSPHRASE incorrect.', 'code': '50105'}
2026-03-13 19:31:04,286 [worker:httpx] INFO: HTTP Request: GET https://www.okx.com/api/v5/trade/fills-history?instType=SWAP&limit=100 "HTTP/2 401 Unauthorized"
2026-03-13 19:31:04,287 [worker:okx_client] WARNING: get_recent_close_pnl: failed to fetch fills: OKX API error: code=50105, msg=Request header OK-ACCESS-PASSPHRASE incorrect.
2026-03-13 19:31:04,287 [worker:engine] WARNING: Could not fetch real PnL from OKX — using spread-based (4.1052%). DB record may be inaccurate.
2026-03-13 19:31:04,677 [worker:httpx] INFO: HTTP Request: GET https://www.okx.com/api/v5/account/balance "HTTP/2 401 Unauthorized"
2026-03-13 19:31:04,844 [worker:spread] INFO: Reference prices refreshed from current quotes
2026-03-13 19:31:04,898 [worker:engine] INFO: Entry blocked for 10s after take_profit
2026-03-13 19:32:01,269 [worker:httpx] INFO: HTTP Request: GET https://www.okx.com/api/v5/account/balance "HTTP/2 401 Unauthorized"
2026-03-13 19:33:02,999 [worker:httpx] INFO: HTTP Request: GET https://www.okx.com/api/v5/account/balance "HTTP/2 401 Unauthorized"
2026-03-13 19:34:04,870 [worker:httpx] INFO: HTTP Request: GET https://www.okx.com/api/v5/account/balance "HTTP/2 401 Unauthorized"
2026-03-13 19:35:06,046 [worker:httpx] INFO: HTTP Request: GET https://www.okx.com/api/v5/account/balance "HTTP/2 401 Unauthorized"
2026-03-13 19:36:06,179 [worker:httpx] INFO: HTTP Request: GET https://www.okx.com/api/v5/account/balance "HTTP/2 401 Unauthorized"
2026-03-13 19:37:07,017 [worker:httpx] INFO: HTTP Request: GET https://www.okx.com/api/v5/account/balance "HTTP/2 401 Unauthorized"
2026-03-13 19:38:08,548 [worker:httpx] INFO: HTTP Request: GET https://www.okx.com/api/v5/account/balance "HTTP/2 401 Unauthorized"
2026-03-13 19:39:10,027 [worker:httpx] INFO: HTTP Request: GET https://www.okx.com/api/v5/account/balance "HTTP/2 401 Unauthorized"
2026-03-13 19:40:11,470 [worker:httpx] INFO: HTTP Request: GET https://www.okx.com/api/v5/account/balance "HTTP/2 401 Unauthorized"
2026-03-13 19:41:12,880 [worker:httpx] INFO: HTTP Request: GET https://www.okx.com/api/v5/account/balance "HTTP/2 401 Unauthorized"
2026-03-13 19:42:14,373 [worker:httpx] INFO: HTTP Request: GET https://www.okx.com/api/v5/account/balance "HTTP/2 401 Unauthorized"
2026-03-13 19:43:15,939 [worker:httpx] INFO: HTTP Request: GET https://www.okx.com/api/v5/account/balance "HTTP/2 401 Unauthorized"
2026-03-13 19:44:17,563 [worker:httpx] INFO: HTTP Request: GET https://www.okx.com/api/v5/account/balance "HTTP/2 401 Unauthorized"
2026-03-13 19:45:18,024 [worker:httpx] INFO: HTTP Request: GET https://www.okx.com/api/v5/account/balance "HTTP/2 401 Unauthorized"
2026-03-13 19:46:19,906 [worker:httpx] INFO: HTTP Request: GET https://www.okx.com/api/v5/account/balance "HTTP/2 401 Unauthorized"
2026-03-13 19:47:19,926 [worker:httpx] INFO: HTTP Request: GET https://www.okx.com/api/v5/account/balance "HTTP/2 401 Unauthorized"
2026-03-13 19:48:21,123 [worker:httpx] INFO: HTTP Request: GET https://www.okx.com/api/v5/account/balance "HTTP/2 401 Unauthorized"
2026-03-13 19:49:22,489 [worker:httpx] INFO: HTTP Request: GET https://www.okx.com/api/v5/account/balance "HTTP/2 401 Unauthorized"
2026-03-13 19:50:22,854 [worker:httpx] INFO: HTTP Request: GET https://www.okx.com/api/v5/account/balance "HTTP/2 401 Unauthorized"
2026-03-13 19:51:23,470 [worker:httpx] INFO: HTTP Request: GET https://www.okx.com/api/v5/account/balance "HTTP/2 401 Unauthorized"
2026-03-13 19:52:23,665 [worker:httpx] INFO: HTTP Request: GET https://www.okx.com/api/v5/account/balance "HTTP/2 401 Unauthorized"
2026-03-13 19:53:25,209 [worker:httpx] INFO: HTTP Request: GET https://www.okx.com/api/v5/account/balance "HTTP/2 401 Unauthorized"
2026-03-13 19:54:25,342 [worker:httpx] INFO: HTTP Request: GET https://www.okx.com/api/v5/account/balance "HTTP/2 401 Unauthorized"
2026-03-13 19:55:25,530 [worker:httpx] INFO: HTTP Request: GET https://www.okx.com/api/v5/account/balance "HTTP/2 401 Unauthorized"
2026-03-13 19:56:18,023 [worker:position] INFO: ENTRY: spread=-2.7374 long=basket1 short=basket2
2026-03-13 19:56:18,424 [worker:httpx] INFO: HTTP Request: GET https://www.okx.com/api/v5/account/balance "HTTP/2 401 Unauthorized"
2026-03-13 19:56:18,425 [worker:position] ERROR: Failed to execute entry orders — position tracked logically
Traceback (most recent call last):
  File "/Users/nickly/Desktop/robot/bot_manager/trading/position.py", line 281, in _open_position
    self._execute_entry(long_basket, short_basket)
    ~~~~~~~~~~~~~~~~~~~^^^^^^^^^^^^^^^^^^^^^^^^^^^
  File "/Users/nickly/Desktop/robot/bot_manager/trading/position.py", line 358, in _execute_entry
    balance = self.okx.get_balance()
  File "/Users/nickly/Desktop/robot/bot_manager/trading/okx_client.py", line 100, in get_balance
    raise RuntimeError(f"get_balance failed: {r}")
RuntimeError: get_balance failed: {'msg': 'Request header OK-ACCESS-PASSPHRASE incorrect.', 'code': '50105'}
2026-03-13 19:56:18,860 [worker:httpx] INFO: HTTP Request: GET https://www.okx.com/api/v5/account/positions?instType=SWAP "HTTP/2 401 Unauthorized"
2026-03-13 19:56:18,860 [worker:engine] WARNING: Position sync failed: get_positions failed: {'msg': 'Request header OK-ACCESS-PASSPHRASE incorrect.', 'code': '50105'}
2026-03-13 19:56:19,165 [worker:httpx] INFO: HTTP Request: GET https://www.okx.com/api/v5/account/positions?instType=SWAP "HTTP/2 401 Unauthorized"
2026-03-13 19:56:19,166 [worker:engine] WARNING: Position sync failed: get_positions failed: {'msg': 'Request header OK-ACCESS-PASSPHRASE incorrect.', 'code': '50105'}
2026-03-13 19:56:19,715 [worker:httpx] INFO: HTTP Request: GET https://www.okx.com/api/v5/account/positions?instType=SWAP "HTTP/2 401 Unauthorized"
2026-03-13 19:56:19,716 [worker:engine] WARNING: Position sync failed: get_positions failed: {'msg': 'Request header OK-ACCESS-PASSPHRASE incorrect.', 'code': '50105'}
2026-03-13 19:56:20,047 [worker:httpx] INFO: HTTP Request: GET https://www.okx.com/api/v5/account/positions?instType=SWAP "HTTP/2 401 Unauthorized"
2026-03-13 19:56:20,048 [worker:engine] WARNING: Position sync failed: get_positions failed: {'msg': 'Request header OK-ACCESS-PASSPHRASE incorrect.', 'code': '50105'}
2026-03-13 19:56:20,363 [worker:httpx] INFO: HTTP Request: GET https://www.okx.com/api/v5/account/positions?instType=SWAP "HTTP/2 401 Unauthorized"
2026-03-13 19:56:20,364 [worker:engine] WARNING: Position sync failed: get_positions failed: {'msg': 'Request header OK-ACCESS-PASSPHRASE incorrect.', 'code': '50105'}
2026-03-13 19:56:20,698 [worker:httpx] INFO: HTTP Request: GET https://www.okx.com/api/v5/account/positions?instType=SWAP "HTTP/2 401 Unauthorized"
2026-03-13 19:56:20,700 [worker:engine] WARNING: Position sync failed: get_positions failed: {'msg': 'Request header OK-ACCESS-PASSPHRASE incorrect.', 'code': '50105'}
2026-03-13 19:56:21,014 [worker:httpx] INFO: HTTP Request: GET https://www.okx.com/api/v5/account/positions?instType=SWAP "HTTP/2 401 Unauthorized"
2026-03-13 19:56:21,015 [worker:engine] WARNING: Position sync failed: get_positions failed: {'msg': 'Request header OK-ACCESS-PASSPHRASE incorrect.', 'code': '50105'}
2026-03-13 19:56:21,566 [worker:httpx] INFO: HTTP Request: GET https://www.okx.com/api/v5/account/positions?instType=SWAP "HTTP/2 401 Unauthorized"
2026-03-13 19:56:21,567 [worker:engine] WARNING: Position sync failed: get_positions failed: {'msg': 'Request header OK-ACCESS-PASSPHRASE incorrect.', 'code': '50105'}
2026-03-13 19:56:22,119 [worker:httpx] INFO: HTTP Request: GET https://www.okx.com/api/v5/account/positions?instType=SWAP "HTTP/2 401 Unauthorized"
2026-03-13 19:56:22,120 [worker:engine] WARNING: Position sync failed: get_positions failed: {'msg': 'Request header OK-ACCESS-PASSPHRASE incorrect.', 'code': '50105'}
2026-03-13 19:56:22,446 [worker:httpx] INFO: HTTP Request: GET https://www.okx.com/api/v5/account/positions?instType=SWAP "HTTP/2 401 Unauthorized"
2026-03-13 19:56:22,447 [worker:engine] WARNING: Position sync failed: get_positions failed: {'msg': 'Request header OK-ACCESS-PASSPHRASE incorrect.', 'code': '50105'}
2026-03-13 19:56:22,770 [worker:httpx] INFO: HTTP Request: GET https://www.okx.com/api/v5/account/positions?instType=SWAP "HTTP/2 401 Unauthorized"
2026-03-13 19:56:22,770 [worker:engine] WARNING: Position sync failed: get_positions failed: {'msg': 'Request header OK-ACCESS-PASSPHRASE incorrect.', 'code': '50105'}
2026-03-13 19:56:23,085 [worker:httpx] INFO: HTTP Request: GET https://www.okx.com/api/v5/account/positions?instType=SWAP "HTTP/2 401 Unauthorized"
2026-03-13 19:56:23,086 [worker:engine] WARNING: Position sync failed: get_positions failed: {'msg': 'Request header OK-ACCESS-PASSPHRASE incorrect.', 'code': '50105'}
2026-03-13 19:56:23,406 [worker:httpx] INFO: HTTP Request: GET https://www.okx.com/api/v5/account/positions?instType=SWAP "HTTP/2 401 Unauthorized"
2026-03-13 19:56:23,406 [worker:engine] WARNING: Position sync failed: get_positions failed: {'msg': 'Request header OK-ACCESS-PASSPHRASE incorrect.', 'code': '50105'}
2026-03-13 19:56:23,739 [worker:httpx] INFO: HTTP Request: GET https://www.okx.com/api/v5/account/positions?instType=SWAP "HTTP/2 401 Unauthorized"
2026-03-13 19:56:23,741 [worker:engine] WARNING: Position sync failed: get_positions failed: {'msg': 'Request header OK-ACCESS-PASSPHRASE incorrect.', 'code': '50105'}
2026-03-13 19:56:24,285 [worker:httpx] INFO: HTTP Request: GET https://www.okx.com/api/v5/account/positions?instType=SWAP "HTTP/2 401 Unauthorized"
2026-03-13 19:56:24,286 [worker:engine] WARNING: Position sync failed: get_positions failed: {'msg': 'Request header OK-ACCESS-PASSPHRASE incorrect.', 'code': '50105'}
2026-03-13 19:56:24,590 [worker:httpx] INFO: HTTP Request: GET https://www.okx.com/api/v5/account/positions?instType=SWAP "HTTP/2 401 Unauthorized"
2026-03-13 19:56:24,591 [worker:engine] WARNING: Position sync failed: get_positions failed: {'msg': 'Request header OK-ACCESS-PASSPHRASE incorrect.', 'code': '50105'}
2026-03-13 19:56:24,919 [worker:httpx] INFO: HTTP Request: GET https://www.okx.com/api/v5/account/positions?instType=SWAP "HTTP/2 401 Unauthorized"
2026-03-13 19:56:24,920 [worker:engine] WARNING: Position sync failed: get_positions failed: {'msg': 'Request header OK-ACCESS-PASSPHRASE incorrect.', 'code': '50105'}
2026-03-13 19:56:25,242 [worker:httpx] INFO: HTTP Request: GET https://www.okx.com/api/v5/account/positions?instType=SWAP "HTTP/2 401 Unauthorized"
2026-03-13 19:56:25,242 [worker:engine] WARNING: Position sync failed: get_positions failed: {'msg': 'Request header OK-ACCESS-PASSPHRASE incorrect.', 'code': '50105'}
2026-03-13 19:56:25,567 [worker:httpx] INFO: HTTP Request: GET https://www.okx.com/api/v5/account/positions?instType=SWAP "HTTP/2 401 Unauthorized"
2026-03-13 19:56:25,567 [worker:engine] WARNING: Position sync failed: get_positions failed: {'msg': 'Request header OK-ACCESS-PASSPHRASE incorrect.', 'code': '50105'}
2026-03-13 19:56:25,877 [worker:httpx] INFO: HTTP Request: GET https://www.okx.com/api/v5/account/positions?instType=SWAP "HTTP/2 401 Unauthorized"
2026-03-13 19:56:25,878 [worker:engine] WARNING: Position sync failed: get_positions failed: {'msg': 'Request header OK-ACCESS-PASSPHRASE incorrect.', 'code': '50105'}
2026-03-13 19:56:26,186 [worker:httpx] INFO: HTTP Request: GET https://www.okx.com/api/v5/account/balance "HTTP/2 401 Unauthorized"
2026-03-13 19:56:26,763 [worker:httpx] INFO: HTTP Request: GET https://www.okx.com/api/v5/account/positions?instType=SWAP "HTTP/2 401 Unauthorized"
2026-03-13 19:56:26,763 [worker:engine] WARNING: Position sync failed: get_positions failed: {'msg': 'Request header OK-ACCESS-PASSPHRASE incorrect.', 'code': '50105'}
2026-03-13 19:56:27,307 [worker:httpx] INFO: HTTP Request: GET https://www.okx.com/api/v5/account/positions?instType=SWAP "HTTP/2 401 Unauthorized"
2026-03-13 19:56:27,308 [worker:engine] WARNING: Position sync failed: get_positions failed: {'msg': 'Request header OK-ACCESS-PASSPHRASE incorrect.', 'code': '50105'}
2026-03-13 19:56:27,626 [worker:httpx] INFO: HTTP Request: GET https://www.okx.com/api/v5/account/positions?instType=SWAP "HTTP/2 401 Unauthorized"
2026-03-13 19:56:27,626 [worker:engine] WARNING: Position sync failed: get_positions failed: {'msg': 'Request header OK-ACCESS-PASSPHRASE incorrect.', 'code': '50105'}
2026-03-13 19:56:27,943 [worker:httpx] INFO: HTTP Request: GET https://www.okx.com/api/v5/account/positions?instType=SWAP "HTTP/2 401 Unauthorized"
2026-03-13 19:56:27,944 [worker:engine] WARNING: Position sync failed: get_positions failed: {'msg': 'Request header OK-ACCESS-PASSPHRASE incorrect.', 'code': '50105'}
2026-03-13 19:56:28,547 [worker:httpx] INFO: HTTP Request: GET https://www.okx.com/api/v5/account/positions?instType=SWAP "HTTP/2 401 Unauthorized"
2026-03-13 19:56:28,547 [worker:engine] WARNING: Position sync failed: get_positions failed: {'msg': 'Request header OK-ACCESS-PASSPHRASE incorrect.', 'code': '50105'}
2026-03-13 19:56:28,866 [worker:httpx] INFO: HTTP Request: GET https://www.okx.com/api/v5/account/positions?instType=SWAP "HTTP/2 401 Unauthorized"
2026-03-13 19:56:28,866 [worker:engine] WARNING: Position sync failed: get_positions failed: {'msg': 'Request header OK-ACCESS-PASSPHRASE incorrect.', 'code': '50105'}
2026-03-13 19:56:29,174 [worker:httpx] INFO: HTTP Request: GET https://www.okx.com/api/v5/account/positions?instType=SWAP "HTTP/2 401 Unauthorized"
2026-03-13 19:56:29,175 [worker:engine] WARNING: Position sync failed: get_positions failed: {'msg': 'Request header OK-ACCESS-PASSPHRASE incorrect.', 'code': '50105'}
2026-03-13 19:56:29,481 [worker:httpx] INFO: HTTP Request: GET https://www.okx.com/api/v5/account/positions?instType=SWAP "HTTP/2 401 Unauthorized"
2026-03-13 19:56:29,482 [worker:engine] WARNING: Position sync failed: get_positions failed: {'msg': 'Request header OK-ACCESS-PASSPHRASE incorrect.', 'code': '50105'}
2026-03-13 19:56:29,808 [worker:httpx] INFO: HTTP Request: GET https://www.okx.com/api/v5/account/positions?instType=SWAP "HTTP/2 401 Unauthorized"
2026-03-13 19:56:29,808 [worker:engine] WARNING: Position sync failed: get_positions failed: {'msg': 'Request header OK-ACCESS-PASSPHRASE incorrect.', 'code': '50105'}
2026-03-13 19:56:30,115 [worker:httpx] INFO: HTTP Request: GET https://www.okx.com/api/v5/account/positions?instType=SWAP "HTTP/2 401 Unauthorized"
2026-03-13 19:56:30,116 [worker:engine] WARNING: Position sync failed: get_positions failed: {'msg': 'Request header OK-ACCESS-PASSPHRASE incorrect.', 'code': '50105'}
2026-03-13 19:56:30,665 [worker:httpx] INFO: HTTP Request: GET https://www.okx.com/api/v5/account/positions?instType=SWAP "HTTP/2 401 Unauthorized"
2026-03-13 19:56:30,666 [worker:engine] WARNING: Position sync failed: get_positions failed: {'msg': 'Request header OK-ACCESS-PASSPHRASE incorrect.', 'code': '50105'}
2026-03-13 19:56:30,986 [worker:httpx] INFO: HTTP Request: GET https://www.okx.com/api/v5/account/positions?instType=SWAP "HTTP/2 401 Unauthorized"
2026-03-13 19:56:30,987 [worker:engine] WARNING: Position sync failed: get_positions failed: {'msg': 'Request header OK-ACCESS-PASSPHRASE incorrect.', 'code': '50105'}
2026-03-13 19:56:31,306 [worker:httpx] INFO: HTTP Request: GET https://www.okx.com/api/v5/account/positions?instType=SWAP "HTTP/2 401 Unauthorized"
2026-03-13 19:56:31,307 [worker:engine] WARNING: Position sync failed: get_positions failed: {'msg': 'Request header OK-ACCESS-PASSPHRASE incorrect.', 'code': '50105'}
2026-03-13 19:56:31,639 [worker:httpx] INFO: HTTP Request: GET https://www.okx.com/api/v5/account/positions?instType=SWAP "HTTP/2 401 Unauthorized"
2026-03-13 19:56:31,640 [worker:engine] WARNING: Position sync failed: get_positions failed: {'msg': 'Request header OK-ACCESS-PASSPHRASE incorrect.', 'code': '50105'}
2026-03-13 19:56:31,946 [worker:httpx] INFO: HTTP Request: GET https://www.okx.com/api/v5/account/positions?instType=SWAP "HTTP/2 401 Unauthorized"
2026-03-13 19:56:31,947 [worker:engine] WARNING: Position sync failed: get_positions failed: {'msg': 'Request header OK-ACCESS-PASSPHRASE incorrect.', 'code': '50105'}
2026-03-13 19:56:32,507 [worker:httpx] INFO: HTTP Request: GET https://www.okx.com/api/v5/account/positions?instType=SWAP "HTTP/2 401 Unauthorized"
2026-03-13 19:56:32,508 [worker:engine] WARNING: Position sync failed: get_positions failed: {'msg': 'Request header OK-ACCESS-PASSPHRASE incorrect.', 'code': '50105'}
2026-03-13 19:56:33,062 [worker:httpx] INFO: HTTP Request: GET https://www.okx.com/api/v5/account/positions?instType=SWAP "HTTP/2 401 Unauthorized"
2026-03-13 19:56:33,062 [worker:engine] WARNING: Position sync failed: get_positions failed: {'msg': 'Request header OK-ACCESS-PASSPHRASE incorrect.', 'code': '50105'}
2026-03-13 19:56:33,386 [worker:httpx] INFO: HTTP Request: GET https://www.okx.com/api/v5/account/positions?instType=SWAP "HTTP/2 401 Unauthorized"
2026-03-13 19:56:33,386 [worker:engine] WARNING: Position sync failed: get_positions failed: {'msg': 'Request header OK-ACCESS-PASSPHRASE incorrect.', 'code': '50105'}
2026-03-13 19:56:33,706 [worker:httpx] INFO: HTTP Request: GET https://www.okx.com/api/v5/account/positions?instType=SWAP "HTTP/2 401 Unauthorized"
2026-03-13 19:56:33,707 [worker:engine] WARNING: Position sync failed: get_positions failed: {'msg': 'Request header OK-ACCESS-PASSPHRASE incorrect.', 'code': '50105'}
2026-03-13 19:56:34,028 [worker:httpx] INFO: HTTP Request: GET https://www.okx.com/api/v5/account/positions?instType=SWAP "HTTP/2 401 Unauthorized"
2026-03-13 19:56:34,029 [worker:engine] WARNING: Position sync failed: get_positions failed: {'msg': 'Request header OK-ACCESS-PASSPHRASE incorrect.', 'code': '50105'}
2026-03-13 19:56:34,346 [worker:httpx] INFO: HTTP Request: GET https://www.okx.com/api/v5/account/positions?instType=SWAP "HTTP/2 401 Unauthorized"
2026-03-13 19:56:34,347 [worker:engine] WARNING: Position sync failed: get_positions failed: {'msg': 'Request header OK-ACCESS-PASSPHRASE incorrect.', 'code': '50105'}
2026-03-13 19:56:34,659 [worker:httpx] INFO: HTTP Request: GET https://www.okx.com/api/v5/account/positions?instType=SWAP "HTTP/2 401 Unauthorized"
2026-03-13 19:56:34,659 [worker:engine] WARNING: Position sync failed: get_positions failed: {'msg': 'Request header OK-ACCESS-PASSPHRASE incorrect.', 'code': '50105'}
2026-03-13 19:56:35,208 [worker:httpx] INFO: HTTP Request: GET https://www.okx.com/api/v5/account/positions?instType=SWAP "HTTP/2 401 Unauthorized"
2026-03-13 19:56:35,209 [worker:engine] WARNING: Position sync failed: get_positions failed: {'msg': 'Request header OK-ACCESS-PASSPHRASE incorrect.', 'code': '50105'}
2026-03-13 19:56:35,525 [worker:httpx] INFO: HTTP Request: GET https://www.okx.com/api/v5/account/positions?instType=SWAP "HTTP/2 401 Unauthorized"
2026-03-13 19:56:35,526 [worker:engine] WARNING: Position sync failed: get_positions failed: {'msg': 'Request header OK-ACCESS-PASSPHRASE incorrect.', 'code': '50105'}
2026-03-13 19:56:35,847 [worker:httpx] INFO: HTTP Request: GET https://www.okx.com/api/v5/account/positions?instType=SWAP "HTTP/2 401 Unauthorized"
2026-03-13 19:56:35,848 [worker:engine] WARNING: Position sync failed: get_positions failed: {'msg': 'Request header OK-ACCESS-PASSPHRASE incorrect.', 'code': '50105'}
2026-03-13 19:56:36,166 [worker:httpx] INFO: HTTP Request: GET https://www.okx.com/api/v5/account/positions?instType=SWAP "HTTP/2 401 Unauthorized"
2026-03-13 19:56:36,166 [worker:engine] WARNING: Position sync failed: get_positions failed: {'msg': 'Request header OK-ACCESS-PASSPHRASE incorrect.', 'code': '50105'}
2026-03-13 19:56:36,479 [worker:httpx] INFO: HTTP Request: GET https://www.okx.com/api/v5/account/positions?instType=SWAP "HTTP/2 401 Unauthorized"
2026-03-13 19:56:36,479 [worker:engine] WARNING: Position sync failed: get_positions failed: {'msg': 'Request header OK-ACCESS-PASSPHRASE incorrect.', 'code': '50105'}
2026-03-13 19:56:36,811 [worker:httpx] INFO: HTTP Request: GET https://www.okx.com/api/v5/account/positions?instType=SWAP "HTTP/2 401 Unauthorized"
2026-03-13 19:56:36,812 [worker:engine] WARNING: Position sync failed: get_positions failed: {'msg': 'Request header OK-ACCESS-PASSPHRASE incorrect.', 'code': '50105'}
2026-03-13 19:56:37,406 [worker:httpx] INFO: HTTP Request: GET https://www.okx.com/api/v5/account/positions?instType=SWAP "HTTP/2 401 Unauthorized"
2026-03-13 19:56:37,407 [worker:engine] WARNING: Position sync failed: get_positions failed: {'msg': 'Request header OK-ACCESS-PASSPHRASE incorrect.', 'code': '50105'}
2026-03-13 19:56:37,967 [worker:httpx] INFO: HTTP Request: GET https://www.okx.com/api/v5/account/positions?instType=SWAP "HTTP/2 401 Unauthorized"
2026-03-13 19:56:37,968 [worker:engine] WARNING: Position sync failed: get_positions failed: {'msg': 'Request header OK-ACCESS-PASSPHRASE incorrect.', 'code': '50105'}
2026-03-13 19:56:38,286 [worker:httpx] INFO: HTTP Request: GET https://www.okx.com/api/v5/account/positions?instType=SWAP "HTTP/2 401 Unauthorized"
2026-03-13 19:56:38,287 [worker:engine] WARNING: Position sync failed: get_positions failed: {'msg': 'Request header OK-ACCESS-PASSPHRASE incorrect.', 'code': '50105'}
2026-03-13 19:56:38,607 [worker:httpx] INFO: HTTP Request: GET https://www.okx.com/api/v5/account/positions?instType=SWAP "HTTP/2 401 Unauthorized"
2026-03-13 19:56:38,608 [worker:engine] WARNING: Position sync failed: get_positions failed: {'msg': 'Request header OK-ACCESS-PASSPHRASE incorrect.', 'code': '50105'}
2026-03-13 19:56:38,926 [worker:httpx] INFO: HTTP Request: GET https://www.okx.com/api/v5/account/positions?instType=SWAP "HTTP/2 401 Unauthorized"
2026-03-13 19:56:38,927 [worker:engine] WARNING: Position sync failed: get_positions failed: {'msg': 'Request header OK-ACCESS-PASSPHRASE incorrect.', 'code': '50105'}
2026-03-13 19:56:39,524 [worker:httpx] INFO: HTTP Request: GET https://www.okx.com/api/v5/account/positions?instType=SWAP "HTTP/2 401 Unauthorized"
2026-03-13 19:56:39,524 [worker:engine] WARNING: Position sync failed: get_positions failed: {'msg': 'Request header OK-ACCESS-PASSPHRASE incorrect.', 'code': '50105'}
2026-03-13 19:56:39,846 [worker:httpx] INFO: HTTP Request: GET https://www.okx.com/api/v5/account/positions?instType=SWAP "HTTP/2 401 Unauthorized"
2026-03-13 19:56:39,846 [worker:engine] WARNING: Position sync failed: get_positions failed: {'msg': 'Request header OK-ACCESS-PASSPHRASE incorrect.', 'code': '50105'}
2026-03-13 19:56:40,186 [worker:httpx] INFO: HTTP Request: GET https://www.okx.com/api/v5/account/positions?instType=SWAP "HTTP/2 401 Unauthorized"
2026-03-13 19:56:40,187 [worker:engine] WARNING: Position sync failed: get_positions failed: {'msg': 'Request header OK-ACCESS-PASSPHRASE incorrect.', 'code': '50105'}
2026-03-13 19:56:40,506 [worker:httpx] INFO: HTTP Request: GET https://www.okx.com/api/v5/account/positions?instType=SWAP "HTTP/2 401 Unauthorized"
2026-03-13 19:56:40,507 [worker:engine] WARNING: Position sync failed: get_positions failed: {'msg': 'Request header OK-ACCESS-PASSPHRASE incorrect.', 'code': '50105'}
2026-03-13 19:56:40,825 [worker:httpx] INFO: HTTP Request: GET https://www.okx.com/api/v5/account/positions?instType=SWAP "HTTP/2 401 Unauthorized"
2026-03-13 19:56:40,826 [worker:engine] WARNING: Position sync failed: get_positions failed: {'msg': 'Request header OK-ACCESS-PASSPHRASE incorrect.', 'code': '50105'}
2026-03-13 19:56:41,145 [worker:httpx] INFO: HTTP Request: GET https://www.okx.com/api/v5/account/positions?instType=SWAP "HTTP/2 401 Unauthorized"
2026-03-13 19:56:41,146 [worker:engine] WARNING: Position sync failed: get_positions failed: {'msg': 'Request header OK-ACCESS-PASSPHRASE incorrect.', 'code': '50105'}
2026-03-13 19:56:41,702 [worker:httpx] INFO: HTTP Request: GET https://www.okx.com/api/v5/account/positions?instType=SWAP "HTTP/2 401 Unauthorized"
2026-03-13 19:56:41,702 [worker:engine] WARNING: Position sync failed: get_positions failed: {'msg': 'Request header OK-ACCESS-PASSPHRASE incorrect.', 'code': '50105'}
2026-03-13 19:56:42,021 [worker:httpx] INFO: HTTP Request: GET https://www.okx.com/api/v5/account/positions?instType=SWAP "HTTP/2 401 Unauthorized"
2026-03-13 19:56:42,021 [worker:engine] WARNING: Position sync failed: get_positions failed: {'msg': 'Request header OK-ACCESS-PASSPHRASE incorrect.', 'code': '50105'}
2026-03-13 19:56:43,343 [worker:httpx] INFO: HTTP Request: GET https://www.okx.com/api/v5/account/positions?instType=SWAP "HTTP/2 401 Unauthorized"
2026-03-13 19:56:43,344 [worker:engine] WARNING: Position sync failed: get_positions failed: {'msg': 'Request header OK-ACCESS-PASSPHRASE incorrect.', 'code': '50105'}
2026-03-13 19:56:44,133 [worker:httpx] INFO: HTTP Request: GET https://www.okx.com/api/v5/account/positions?instType=SWAP "HTTP/2 401 Unauthorized"
2026-03-13 19:56:44,134 [worker:engine] WARNING: Position sync failed: get_positions failed: {'msg': 'Request header OK-ACCESS-PASSPHRASE incorrect.', 'code': '50105'}
2026-03-13 19:56:44,458 [worker:httpx] INFO: HTTP Request: GET https://www.okx.com/api/v5/account/positions?instType=SWAP "HTTP/2 401 Unauthorized"
2026-03-13 19:56:44,459 [worker:engine] WARNING: Position sync failed: get_positions failed: {'msg': 'Request header OK-ACCESS-PASSPHRASE incorrect.', 'code': '50105'}
2026-03-13 19:56:44,768 [worker:httpx] INFO: HTTP Request: GET https://www.okx.com/api/v5/account/positions?instType=SWAP "HTTP/2 401 Unauthorized"
2026-03-13 19:56:44,768 [worker:engine] WARNING: Position sync failed: get_positions failed: {'msg': 'Request header OK-ACCESS-PASSPHRASE incorrect.', 'code': '50105'}
2026-03-13 19:56:45,080 [worker:httpx] INFO: HTTP Request: GET https://www.okx.com/api/v5/account/positions?instType=SWAP "HTTP/2 401 Unauthorized"
2026-03-13 19:56:45,080 [worker:engine] WARNING: Position sync failed: get_positions failed: {'msg': 'Request header OK-ACCESS-PASSPHRASE incorrect.', 'code': '50105'}
2026-03-13 19:56:45,404 [worker:httpx] INFO: HTTP Request: GET https://www.okx.com/api/v5/account/positions?instType=SWAP "HTTP/2 401 Unauthorized"
2026-03-13 19:56:45,405 [worker:engine] WARNING: Position sync failed: get_positions failed: {'msg': 'Request header OK-ACCESS-PASSPHRASE incorrect.', 'code': '50105'}
2026-03-13 19:56:45,941 [worker:httpx] INFO: HTTP Request: GET https://www.okx.com/api/v5/account/positions?instType=SWAP "HTTP/2 401 Unauthorized"
2026-03-13 19:56:45,942 [worker:engine] WARNING: Position sync failed: get_positions failed: {'msg': 'Request header OK-ACCESS-PASSPHRASE incorrect.', 'code': '50105'}
2026-03-13 19:56:46,245 [worker:httpx] INFO: HTTP Request: GET https://www.okx.com/api/v5/account/positions?instType=SWAP "HTTP/2 401 Unauthorized"
2026-03-13 19:56:46,246 [worker:engine] WARNING: Position sync failed: get_positions failed: {'msg': 'Request header OK-ACCESS-PASSPHRASE incorrect.', 'code': '50105'}
2026-03-13 19:56:46,561 [worker:httpx] INFO: HTTP Request: GET https://www.okx.com/api/v5/account/positions?instType=SWAP "HTTP/2 401 Unauthorized"
2026-03-13 19:56:46,561 [worker:engine] WARNING: Position sync failed: get_positions failed: {'msg': 'Request header OK-ACCESS-PASSPHRASE incorrect.', 'code': '50105'}
2026-03-13 19:56:46,903 [worker:httpx] INFO: HTTP Request: GET https://www.okx.com/api/v5/account/positions?instType=SWAP "HTTP/2 401 Unauthorized"
2026-03-13 19:56:46,903 [worker:engine] WARNING: Position sync failed: get_positions failed: {'msg': 'Request header OK-ACCESS-PASSPHRASE incorrect.', 'code': '50105'}
2026-03-13 19:56:47,226 [worker:httpx] INFO: HTTP Request: GET https://www.okx.com/api/v5/account/positions?instType=SWAP "HTTP/2 401 Unauthorized"
2026-03-13 19:56:47,227 [worker:engine] WARNING: Position sync failed: get_positions failed: {'msg': 'Request header OK-ACCESS-PASSPHRASE incorrect.', 'code': '50105'}
2026-03-13 19:56:47,544 [worker:httpx] INFO: HTTP Request: GET https://www.okx.com/api/v5/account/positions?instType=SWAP "HTTP/2 401 Unauthorized"
2026-03-13 19:56:47,545 [worker:engine] WARNING: Position sync failed: get_positions failed: {'msg': 'Request header OK-ACCESS-PASSPHRASE incorrect.', 'code': '50105'}
2026-03-13 19:56:48,085 [worker:httpx] INFO: HTTP Request: GET https://www.okx.com/api/v5/account/positions?instType=SWAP "HTTP/2 401 Unauthorized"
2026-03-13 19:56:48,123 [worker:engine] WARNING: Position sync failed: get_positions failed: {'msg': 'Request header OK-ACCESS-PASSPHRASE incorrect.', 'code': '50105'}
2026-03-13 19:56:48,458 [worker:httpx] INFO: HTTP Request: GET https://www.okx.com/api/v5/account/positions?instType=SWAP "HTTP/2 401 Unauthorized"
2026-03-13 19:56:48,458 [worker:engine] WARNING: Position sync failed: get_positions failed: {'msg': 'Request header OK-ACCESS-PASSPHRASE incorrect.', 'code': '50105'}
2026-03-13 19:56:49,007 [worker:httpx] INFO: HTTP Request: GET https://www.okx.com/api/v5/account/positions?instType=SWAP "HTTP/2 401 Unauthorized"
2026-03-13 19:56:49,007 [worker:engine] WARNING: Position sync failed: get_positions failed: {'msg': 'Request header OK-ACCESS-PASSPHRASE incorrect.', 'code': '50105'}
2026-03-13 19:56:49,318 [worker:httpx] INFO: HTTP Request: GET https://www.okx.com/api/v5/account/positions?instType=SWAP "HTTP/2 401 Unauthorized"
2026-03-13 19:56:49,319 [worker:engine] WARNING: Position sync failed: get_positions failed: {'msg': 'Request header OK-ACCESS-PASSPHRASE incorrect.', 'code': '50105'}
2026-03-13 19:56:49,646 [worker:httpx] INFO: HTTP Request: GET https://www.okx.com/api/v5/account/positions?instType=SWAP "HTTP/2 401 Unauthorized"
2026-03-13 19:56:49,646 [worker:engine] WARNING: Position sync failed: get_positions failed: {'msg': 'Request header OK-ACCESS-PASSPHRASE incorrect.', 'code': '50105'}
2026-03-13 19:56:50,186 [worker:httpx] INFO: HTTP Request: GET https://www.okx.com/api/v5/account/positions?instType=SWAP "HTTP/2 401 Unauthorized"
2026-03-13 19:56:50,187 [worker:engine] WARNING: Position sync failed: get_positions failed: {'msg': 'Request header OK-ACCESS-PASSPHRASE incorrect.', 'code': '50105'}
2026-03-13 19:56:50,505 [worker:httpx] INFO: HTTP Request: GET https://www.okx.com/api/v5/account/positions?instType=SWAP "HTTP/2 401 Unauthorized"
2026-03-13 19:56:50,506 [worker:engine] WARNING: Position sync failed: get_positions failed: {'msg': 'Request header OK-ACCESS-PASSPHRASE incorrect.', 'code': '50105'}
2026-03-13 19:56:50,816 [worker:httpx] INFO: HTTP Request: GET https://www.okx.com/api/v5/account/positions?instType=SWAP "HTTP/2 401 Unauthorized"
2026-03-13 19:56:50,817 [worker:engine] WARNING: Position sync failed: get_positions failed: {'msg': 'Request header OK-ACCESS-PASSPHRASE incorrect.', 'code': '50105'}
2026-03-13 19:56:51,144 [worker:httpx] INFO: HTTP Request: GET https://www.okx.com/api/v5/account/positions?instType=SWAP "HTTP/2 401 Unauthorized"
2026-03-13 19:56:51,145 [worker:engine] WARNING: Position sync failed: get_positions failed: {'msg': 'Request header OK-ACCESS-PASSPHRASE incorrect.', 'code': '50105'}
2026-03-13 19:56:51,457 [worker:httpx] INFO: HTTP Request: GET https://www.okx.com/api/v5/account/positions?instType=SWAP "HTTP/2 401 Unauthorized"
2026-03-13 19:56:51,457 [worker:engine] WARNING: Position sync failed: get_positions failed: {'msg': 'Request header OK-ACCESS-PASSPHRASE incorrect.', 'code': '50105'}
2026-03-13 19:56:51,767 [worker:httpx] INFO: HTTP Request: GET https://www.okx.com/api/v5/account/positions?instType=SWAP "HTTP/2 401 Unauthorized"
2026-03-13 19:56:51,768 [worker:engine] WARNING: Position sync failed: get_positions failed: {'msg': 'Request header OK-ACCESS-PASSPHRASE incorrect.', 'code': '50105'}
2026-03-13 19:56:52,358 [worker:httpx] INFO: HTTP Request: GET https://www.okx.com/api/v5/account/positions?instType=SWAP "HTTP/2 401 Unauthorized"
2026-03-13 19:56:52,358 [worker:engine] WARNING: Position sync failed: get_positions failed: {'msg': 'Request header OK-ACCESS-PASSPHRASE incorrect.', 'code': '50105'}
2026-03-13 19:56:52,683 [worker:httpx] INFO: HTTP Request: GET https://www.okx.com/api/v5/account/positions?instType=SWAP "HTTP/2 401 Unauthorized"
2026-03-13 19:56:52,684 [worker:engine] WARNING: Position sync failed: get_positions failed: {'msg': 'Request header OK-ACCESS-PASSPHRASE incorrect.', 'code': '50105'}
2026-03-13 19:56:53,001 [worker:httpx] INFO: HTTP Request: GET https://www.okx.com/api/v5/account/positions?instType=SWAP "HTTP/2 401 Unauthorized"
2026-03-13 19:56:53,002 [worker:engine] WARNING: Position sync failed: get_positions failed: {'msg': 'Request header OK-ACCESS-PASSPHRASE incorrect.', 'code': '50105'}
2026-03-13 19:56:53,311 [worker:httpx] INFO: HTTP Request: GET https://www.okx.com/api/v5/account/positions?instType=SWAP "HTTP/2 401 Unauthorized"
2026-03-13 19:56:53,312 [worker:engine] WARNING: Position sync failed: get_positions failed: {'msg': 'Request header OK-ACCESS-PASSPHRASE incorrect.', 'code': '50105'}
2026-03-13 19:56:53,654 [worker:httpx] INFO: HTTP Request: GET https://www.okx.com/api/v5/account/positions?instType=SWAP "HTTP/2 401 Unauthorized"
2026-03-13 19:56:53,654 [worker:engine] WARNING: Position sync failed: get_positions failed: {'msg': 'Request header OK-ACCESS-PASSPHRASE incorrect.', 'code': '50105'}
2026-03-13 19:56:54,196 [worker:httpx] INFO: HTTP Request: GET https://www.okx.com/api/v5/account/positions?instType=SWAP "HTTP/2 401 Unauthorized"
2026-03-13 19:56:54,196 [worker:engine] WARNING: Position sync failed: get_positions failed: {'msg': 'Request header OK-ACCESS-PASSPHRASE incorrect.', 'code': '50105'}
2026-03-13 19:56:54,752 [worker:httpx] INFO: HTTP Request: GET https://www.okx.com/api/v5/account/positions?instType=SWAP "HTTP/2 401 Unauthorized"
2026-03-13 19:56:54,753 [worker:engine] WARNING: Position sync failed: get_positions failed: {'msg': 'Request header OK-ACCESS-PASSPHRASE incorrect.', 'code': '50105'}
2026-03-13 19:56:55,068 [worker:httpx] INFO: HTTP Request: GET https://www.okx.com/api/v5/account/positions?instType=SWAP "HTTP/2 401 Unauthorized"
2026-03-13 19:56:55,069 [worker:engine] WARNING: Position sync failed: get_positions failed: {'msg': 'Request header OK-ACCESS-PASSPHRASE incorrect.', 'code': '50105'}
2026-03-13 19:56:55,398 [worker:httpx] INFO: HTTP Request: GET https://www.okx.com/api/v5/account/positions?instType=SWAP "HTTP/2 401 Unauthorized"
2026-03-13 19:56:55,399 [worker:engine] WARNING: Position sync failed: get_positions failed: {'msg': 'Request header OK-ACCESS-PASSPHRASE incorrect.', 'code': '50105'}
2026-03-13 19:56:55,726 [worker:httpx] INFO: HTTP Request: GET https://www.okx.com/api/v5/account/positions?instType=SWAP "HTTP/2 401 Unauthorized"
2026-03-13 19:56:55,727 [worker:engine] WARNING: Position sync failed: get_positions failed: {'msg': 'Request header OK-ACCESS-PASSPHRASE incorrect.', 'code': '50105'}
2026-03-13 19:56:56,041 [worker:httpx] INFO: HTTP Request: GET https://www.okx.com/api/v5/account/positions?instType=SWAP "HTTP/2 401 Unauthorized"
2026-03-13 19:56:56,042 [worker:engine] WARNING: Position sync failed: get_positions failed: {'msg': 'Request header OK-ACCESS-PASSPHRASE incorrect.', 'code': '50105'}
2026-03-13 19:56:56,364 [worker:httpx] INFO: HTTP Request: GET https://www.okx.com/api/v5/account/positions?instType=SWAP "HTTP/2 401 Unauthorized"
2026-03-13 19:56:56,365 [worker:engine] WARNING: Position sync failed: get_positions failed: {'msg': 'Request header OK-ACCESS-PASSPHRASE incorrect.', 'code': '50105'}
2026-03-13 19:56:56,926 [worker:httpx] INFO: HTTP Request: GET https://www.okx.com/api/v5/account/positions?instType=SWAP "HTTP/2 401 Unauthorized"
2026-03-13 19:56:56,927 [worker:engine] WARNING: Position sync failed: get_positions failed: {'msg': 'Request header OK-ACCESS-PASSPHRASE incorrect.', 'code': '50105'}
2026-03-13 19:56:57,246 [worker:httpx] INFO: HTTP Request: GET https://www.okx.com/api/v5/account/positions?instType=SWAP "HTTP/2 401 Unauthorized"
2026-03-13 19:56:57,247 [worker:engine] WARNING: Position sync failed: get_positions failed: {'msg': 'Request header OK-ACCESS-PASSPHRASE incorrect.', 'code': '50105'}
2026-03-13 19:56:57,565 [worker:httpx] INFO: HTTP Request: GET https://www.okx.com/api/v5/account/positions?instType=SWAP "HTTP/2 401 Unauthorized"
2026-03-13 19:56:57,566 [worker:engine] WARNING: Position sync failed: get_positions failed: {'msg': 'Request header OK-ACCESS-PASSPHRASE incorrect.', 'code': '50105'}
2026-03-13 19:56:57,885 [worker:httpx] INFO: HTTP Request: GET https://www.okx.com/api/v5/account/positions?instType=SWAP "HTTP/2 401 Unauthorized"
2026-03-13 19:56:57,885 [worker:engine] WARNING: Position sync failed: get_positions failed: {'msg': 'Request header OK-ACCESS-PASSPHRASE incorrect.', 'code': '50105'}
2026-03-13 19:56:57,885 [worker:position] INFO: CLOSE (take_profit): spread=-0.9506 pnl=1.7868%
2026-03-13 19:56:58,205 [worker:httpx] INFO: HTTP Request: GET https://www.okx.com/api/v5/account/positions?instType=SWAP "HTTP/2 401 Unauthorized"
2026-03-13 19:56:58,206 [worker:position] ERROR: Failed to execute close orders
Traceback (most recent call last):
  File "/Users/nickly/Desktop/robot/bot_manager/trading/position.py", line 313, in _close_position
    self._execute_close()
    ~~~~~~~~~~~~~~~~~~~^^
  File "/Users/nickly/Desktop/robot/bot_manager/trading/position.py", line 481, in _execute_close
    positions = self.okx.get_positions()
  File "/Users/nickly/Desktop/robot/bot_manager/trading/okx_client.py", line 119, in get_positions
    raise RuntimeError(f"get_positions failed: {r}")
RuntimeError: get_positions failed: {'msg': 'Request header OK-ACCESS-PASSPHRASE incorrect.', 'code': '50105'}
2026-03-13 19:57:00,725 [worker:httpx] INFO: HTTP Request: GET https://www.okx.com/api/v5/trade/fills-history?instType=SWAP&limit=100 "HTTP/2 401 Unauthorized"
2026-03-13 19:57:00,726 [worker:okx_client] WARNING: get_recent_close_pnl: failed to fetch fills: OKX API error: code=50105, msg=Request header OK-ACCESS-PASSPHRASE incorrect.
2026-03-13 19:57:00,727 [worker:engine] WARNING: Could not fetch real PnL from OKX — using spread-based (1.7868%). DB record may be inaccurate.
2026-03-13 19:57:01,058 [worker:httpx] INFO: HTTP Request: GET https://www.okx.com/api/v5/account/balance "HTTP/2 401 Unauthorized"
2026-03-13 19:57:01,425 [worker:spread] INFO: Reference prices refreshed from current quotes
2026-03-13 19:57:01,544 [worker:engine] INFO: Entry blocked for 10s after take_profit
2026-03-13 19:57:27,403 [worker:httpx] INFO: HTTP Request: GET https://www.okx.com/api/v5/account/balance "HTTP/2 401 Unauthorized"
2026-03-13 19:57:28,603 [worker:position] INFO: ENTRY: spread=-2.0205 long=basket1 short=basket2
2026-03-13 19:57:28,859 [worker:httpx] INFO: HTTP Request: GET https://www.okx.com/api/v5/account/balance "HTTP/2 401 Unauthorized"
2026-03-13 19:57:28,860 [worker:position] ERROR: Failed to execute entry orders — position tracked logically
Traceback (most recent call last):
  File "/Users/nickly/Desktop/robot/bot_manager/trading/position.py", line 281, in _open_position
    self._execute_entry(long_basket, short_basket)
    ~~~~~~~~~~~~~~~~~~~^^^^^^^^^^^^^^^^^^^^^^^^^^^
  File "/Users/nickly/Desktop/robot/bot_manager/trading/position.py", line 358, in _execute_entry
    balance = self.okx.get_balance()
  File "/Users/nickly/Desktop/robot/bot_manager/trading/okx_client.py", line 100, in get_balance
    raise RuntimeError(f"get_balance failed: {r}")
RuntimeError: get_balance failed: {'msg': 'Request header OK-ACCESS-PASSPHRASE incorrect.', 'code': '50105'}
2026-03-13 19:57:29,624 [worker:httpx] INFO: HTTP Request: GET https://www.okx.com/api/v5/account/positions?instType=SWAP "HTTP/2 401 Unauthorized"
2026-03-13 19:57:29,624 [worker:engine] WARNING: Position sync failed: get_positions failed: {'msg': 'Request header OK-ACCESS-PASSPHRASE incorrect.', 'code': '50105'}
2026-03-13 19:57:30,014 [worker:httpx] INFO: HTTP Request: GET https://www.okx.com/api/v5/account/positions?instType=SWAP "HTTP/2 401 Unauthorized"
2026-03-13 19:57:30,014 [worker:engine] WARNING: Position sync failed: get_positions failed: {'msg': 'Request header OK-ACCESS-PASSPHRASE incorrect.', 'code': '50105'}
2026-03-13 19:57:30,423 [worker:httpx] INFO: HTTP Request: GET https://www.okx.com/api/v5/account/positions?instType=SWAP "HTTP/2 401 Unauthorized"
2026-03-13 19:57:30,423 [worker:engine] WARNING: Position sync failed: get_positions failed: {'msg': 'Request header OK-ACCESS-PASSPHRASE incorrect.', 'code': '50105'}
2026-03-13 19:57:30,701 [worker:httpx] INFO: HTTP Request: GET https://www.okx.com/api/v5/account/positions?instType=SWAP "HTTP/2 401 Unauthorized"
2026-03-13 19:57:30,701 [worker:engine] WARNING: Position sync failed: get_positions failed: {'msg': 'Request header OK-ACCESS-PASSPHRASE incorrect.', 'code': '50105'}
2026-03-13 19:57:31,102 [worker:httpx] INFO: HTTP Request: GET https://www.okx.com/api/v5/account/positions?instType=SWAP "HTTP/2 401 Unauthorized"
2026-03-13 19:57:31,103 [worker:engine] WARNING: Position sync failed: get_positions failed: {'msg': 'Request header OK-ACCESS-PASSPHRASE incorrect.', 'code': '50105'}
2026-03-13 19:57:31,696 [worker:httpx] INFO: HTTP Request: GET https://www.okx.com/api/v5/account/positions?instType=SWAP "HTTP/2 401 Unauthorized"
2026-03-13 19:57:31,697 [worker:engine] WARNING: Position sync failed: get_positions failed: {'msg': 'Request header OK-ACCESS-PASSPHRASE incorrect.', 'code': '50105'}
2026-03-13 19:57:32,086 [worker:httpx] INFO: HTTP Request: GET https://www.okx.com/api/v5/account/positions?instType=SWAP "HTTP/2 401 Unauthorized"
2026-03-13 19:57:32,086 [worker:engine] WARNING: Position sync failed: get_positions failed: {'msg': 'Request header OK-ACCESS-PASSPHRASE incorrect.', 'code': '50105'}
2026-03-13 19:57:32,960 [worker:httpx] INFO: HTTP Request: GET https://www.okx.com/api/v5/account/positions?instType=SWAP "HTTP/2 401 Unauthorized"
2026-03-13 19:57:32,960 [worker:engine] WARNING: Position sync failed: get_positions failed: {'msg': 'Request header OK-ACCESS-PASSPHRASE incorrect.', 'code': '50105'}
2026-03-13 19:57:33,367 [worker:httpx] INFO: HTTP Request: GET https://www.okx.com/api/v5/account/positions?instType=SWAP "HTTP/2 401 Unauthorized"
2026-03-13 19:57:33,367 [worker:engine] WARNING: Position sync failed: get_positions failed: {'msg': 'Request header OK-ACCESS-PASSPHRASE incorrect.', 'code': '50105'}
2026-03-13 19:57:34,007 [worker:httpx] INFO: HTTP Request: GET https://www.okx.com/api/v5/account/positions?instType=SWAP "HTTP/2 401 Unauthorized"
2026-03-13 19:57:34,007 [worker:engine] WARNING: Position sync failed: get_positions failed: {'msg': 'Request header OK-ACCESS-PASSPHRASE incorrect.', 'code': '50105'}
2026-03-13 19:57:34,423 [worker:httpx] INFO: HTTP Request: GET https://www.okx.com/api/v5/account/positions?instType=SWAP "HTTP/2 401 Unauthorized"
2026-03-13 19:57:34,423 [worker:engine] WARNING: Position sync failed: get_positions failed: {'msg': 'Request header OK-ACCESS-PASSPHRASE incorrect.', 'code': '50105'}
2026-03-13 19:57:34,826 [worker:httpx] INFO: HTTP Request: GET https://www.okx.com/api/v5/account/positions?instType=SWAP "HTTP/2 401 Unauthorized"
2026-03-13 19:57:34,826 [worker:engine] WARNING: Position sync failed: get_positions failed: {'msg': 'Request header OK-ACCESS-PASSPHRASE incorrect.', 'code': '50105'}
2026-03-13 19:57:35,136 [worker:httpx] INFO: HTTP Request: GET https://www.okx.com/api/v5/account/positions?instType=SWAP "HTTP/2 401 Unauthorized"
2026-03-13 19:57:35,136 [worker:engine] WARNING: Position sync failed: get_positions failed: {'msg': 'Request header OK-ACCESS-PASSPHRASE incorrect.', 'code': '50105'}
2026-03-13 19:57:35,544 [worker:httpx] INFO: HTTP Request: GET https://www.okx.com/api/v5/account/positions?instType=SWAP "HTTP/2 401 Unauthorized"
2026-03-13 19:57:35,546 [worker:engine] WARNING: Position sync failed: get_positions failed: {'msg': 'Request header OK-ACCESS-PASSPHRASE incorrect.', 'code': '50105'}
2026-03-13 19:57:36,719 [worker:httpx] INFO: HTTP Request: GET https://www.okx.com/api/v5/account/positions?instType=SWAP "HTTP/2 401 Unauthorized"
2026-03-13 19:57:36,720 [worker:engine] WARNING: Position sync failed: get_positions failed: {'msg': 'Request header OK-ACCESS-PASSPHRASE incorrect.', 'code': '50105'}
2026-03-13 19:57:37,690 [worker:httpx] INFO: HTTP Request: GET https://www.okx.com/api/v5/account/positions?instType=SWAP "HTTP/2 401 Unauthorized"
2026-03-13 19:57:37,690 [worker:engine] WARNING: Position sync failed: get_positions failed: {'msg': 'Request header OK-ACCESS-PASSPHRASE incorrect.', 'code': '50105'}
2026-03-13 19:57:39,663 [worker:httpx] INFO: HTTP Request: GET https://www.okx.com/api/v5/account/positions?instType=SWAP "HTTP/2 401 Unauthorized"
2026-03-13 19:57:39,664 [worker:engine] WARNING: Position sync failed: get_positions failed: {'msg': 'Request header OK-ACCESS-PASSPHRASE incorrect.', 'code': '50105'}
2026-03-13 19:57:40,095 [worker:httpx] INFO: HTTP Request: GET https://www.okx.com/api/v5/account/positions?instType=SWAP "HTTP/2 401 Unauthorized"
2026-03-13 19:57:40,095 [worker:engine] WARNING: Position sync failed: get_positions failed: {'msg': 'Request header OK-ACCESS-PASSPHRASE incorrect.', 'code': '50105'}
2026-03-13 19:57:40,723 [worker:httpx] INFO: HTTP Request: GET https://www.okx.com/api/v5/account/positions?instType=SWAP "HTTP/2 401 Unauthorized"
2026-03-13 19:57:40,724 [worker:engine] WARNING: Position sync failed: get_positions failed: {'msg': 'Request header OK-ACCESS-PASSPHRASE incorrect.', 'code': '50105'}
2026-03-13 19:57:41,130 [worker:httpx] INFO: HTTP Request: GET https://www.okx.com/api/v5/account/positions?instType=SWAP "HTTP/2 401 Unauthorized"
2026-03-13 19:57:41,130 [worker:engine] WARNING: Position sync failed: get_positions failed: {'msg': 'Request header OK-ACCESS-PASSPHRASE incorrect.', 'code': '50105'}
2026-03-13 19:57:41,377 [worker:httpx] INFO: HTTP Request: GET https://www.okx.com/api/v5/account/positions?instType=SWAP "HTTP/2 401 Unauthorized"
2026-03-13 19:57:41,390 [worker:engine] WARNING: Position sync failed: get_positions failed: {'msg': 'Request header OK-ACCESS-PASSPHRASE incorrect.', 'code': '50105'}
2026-03-13 19:57:41,780 [worker:httpx] INFO: HTTP Request: GET https://www.okx.com/api/v5/account/positions?instType=SWAP "HTTP/2 401 Unauthorized"
2026-03-13 19:57:41,780 [worker:engine] WARNING: Position sync failed: get_positions failed: {'msg': 'Request header OK-ACCESS-PASSPHRASE incorrect.', 'code': '50105'}
2026-03-13 19:57:42,179 [worker:httpx] INFO: HTTP Request: GET https://www.okx.com/api/v5/account/positions?instType=SWAP "HTTP/2 401 Unauthorized"
2026-03-13 19:57:42,179 [worker:engine] WARNING: Position sync failed: get_positions failed: {'msg': 'Request header OK-ACCESS-PASSPHRASE incorrect.', 'code': '50105'}
2026-03-13 19:57:42,790 [worker:httpx] INFO: HTTP Request: GET https://www.okx.com/api/v5/account/positions?instType=SWAP "HTTP/2 401 Unauthorized"
2026-03-13 19:57:42,790 [worker:engine] WARNING: Position sync failed: get_positions failed: {'msg': 'Request header OK-ACCESS-PASSPHRASE incorrect.', 'code': '50105'}
2026-03-13 19:57:44,366 [worker:httpx] INFO: HTTP Request: GET https://www.okx.com/api/v5/account/positions?instType=SWAP "HTTP/2 401 Unauthorized"
2026-03-13 19:57:44,366 [worker:engine] WARNING: Position sync failed: get_positions failed: {'msg': 'Request header OK-ACCESS-PASSPHRASE incorrect.', 'code': '50105'}
2026-03-13 19:57:45,003 [worker:httpx] INFO: HTTP Request: GET https://www.okx.com/api/v5/account/positions?instType=SWAP "HTTP/2 401 Unauthorized"
2026-03-13 19:57:45,003 [worker:engine] WARNING: Position sync failed: get_positions failed: {'msg': 'Request header OK-ACCESS-PASSPHRASE incorrect.', 'code': '50105'}
2026-03-13 19:57:45,407 [worker:httpx] INFO: HTTP Request: GET https://www.okx.com/api/v5/account/positions?instType=SWAP "HTTP/2 401 Unauthorized"
2026-03-13 19:57:45,408 [worker:engine] WARNING: Position sync failed: get_positions failed: {'msg': 'Request header OK-ACCESS-PASSPHRASE incorrect.', 'code': '50105'}
2026-03-13 19:57:45,765 [worker:httpx] INFO: HTTP Request: GET https://www.okx.com/api/v5/account/positions?instType=SWAP "HTTP/2 401 Unauthorized"
2026-03-13 19:57:45,765 [worker:engine] WARNING: Position sync failed: get_positions failed: {'msg': 'Request header OK-ACCESS-PASSPHRASE incorrect.', 'code': '50105'}
2026-03-13 19:57:46,145 [worker:httpx] INFO: HTTP Request: GET https://www.okx.com/api/v5/account/positions?instType=SWAP "HTTP/2 401 Unauthorized"
2026-03-13 19:57:46,145 [worker:engine] WARNING: Position sync failed: get_positions failed: {'msg': 'Request header OK-ACCESS-PASSPHRASE incorrect.', 'code': '50105'}
2026-03-13 19:57:46,422 [worker:httpx] INFO: HTTP Request: GET https://www.okx.com/api/v5/account/positions?instType=SWAP "HTTP/2 401 Unauthorized"
2026-03-13 19:57:46,423 [worker:engine] WARNING: Position sync failed: get_positions failed: {'msg': 'Request header OK-ACCESS-PASSPHRASE incorrect.', 'code': '50105'}
2026-03-13 19:57:47,063 [worker:httpx] INFO: HTTP Request: GET https://www.okx.com/api/v5/account/positions?instType=SWAP "HTTP/2 401 Unauthorized"
2026-03-13 19:57:47,063 [worker:engine] WARNING: Position sync failed: get_positions failed: {'msg': 'Request header OK-ACCESS-PASSPHRASE incorrect.', 'code': '50105'}
2026-03-13 19:57:47,458 [worker:httpx] INFO: HTTP Request: GET https://www.okx.com/api/v5/account/positions?instType=SWAP "HTTP/2 401 Unauthorized"
2026-03-13 19:57:47,458 [worker:engine] WARNING: Position sync failed: get_positions failed: {'msg': 'Request header OK-ACCESS-PASSPHRASE incorrect.', 'code': '50105'}
2026-03-13 19:57:47,826 [worker:httpx] INFO: HTTP Request: GET https://www.okx.com/api/v5/account/positions?instType=SWAP "HTTP/2 401 Unauthorized"
2026-03-13 19:57:47,826 [worker:engine] WARNING: Position sync failed: get_positions failed: {'msg': 'Request header OK-ACCESS-PASSPHRASE incorrect.', 'code': '50105'}
2026-03-13 19:57:48,462 [worker:httpx] INFO: HTTP Request: GET https://www.okx.com/api/v5/account/positions?instType=SWAP "HTTP/2 401 Unauthorized"
2026-03-13 19:57:48,462 [worker:engine] WARNING: Position sync failed: get_positions failed: {'msg': 'Request header OK-ACCESS-PASSPHRASE incorrect.', 'code': '50105'}
2026-03-13 19:57:48,984 [worker:httpx] INFO: HTTP Request: GET https://www.okx.com/api/v5/account/positions?instType=SWAP "HTTP/2 401 Unauthorized"
2026-03-13 19:57:48,985 [worker:engine] WARNING: Position sync failed: get_positions failed: {'msg': 'Request header OK-ACCESS-PASSPHRASE incorrect.', 'code': '50105'}
2026-03-13 19:57:49,691 [worker:httpx] INFO: HTTP Request: GET https://www.okx.com/api/v5/account/positions?instType=SWAP "HTTP/2 401 Unauthorized"
2026-03-13 19:57:49,691 [worker:engine] WARNING: Position sync failed: get_positions failed: {'msg': 'Request header OK-ACCESS-PASSPHRASE incorrect.', 'code': '50105'}
2026-03-13 19:57:50,076 [worker:httpx] INFO: HTTP Request: GET https://www.okx.com/api/v5/account/positions?instType=SWAP "HTTP/2 401 Unauthorized"
2026-03-13 19:57:50,077 [worker:engine] WARNING: Position sync failed: get_positions failed: {'msg': 'Request header OK-ACCESS-PASSPHRASE incorrect.', 'code': '50105'}
2026-03-13 19:57:50,454 [worker:httpx] INFO: HTTP Request: GET https://www.okx.com/api/v5/account/positions?instType=SWAP "HTTP/2 401 Unauthorized"
2026-03-13 19:57:50,455 [worker:engine] WARNING: Position sync failed: get_positions failed: {'msg': 'Request header OK-ACCESS-PASSPHRASE incorrect.', 'code': '50105'}
2026-03-13 19:57:50,764 [worker:httpx] INFO: HTTP Request: GET https://www.okx.com/api/v5/account/positions?instType=SWAP "HTTP/2 401 Unauthorized"
2026-03-13 19:57:50,764 [worker:engine] WARNING: Position sync failed: get_positions failed: {'msg': 'Request header OK-ACCESS-PASSPHRASE incorrect.', 'code': '50105'}
2026-03-13 19:57:51,265 [worker:httpx] INFO: HTTP Request: GET https://www.okx.com/api/v5/account/positions?instType=SWAP "HTTP/2 401 Unauthorized"
2026-03-13 19:57:51,265 [worker:engine] WARNING: Position sync failed: get_positions failed: {'msg': 'Request header OK-ACCESS-PASSPHRASE incorrect.', 'code': '50105'}
2026-03-13 19:57:51,664 [worker:httpx] INFO: HTTP Request: GET https://www.okx.com/api/v5/account/positions?instType=SWAP "HTTP/2 401 Unauthorized"
2026-03-13 19:57:51,664 [worker:engine] WARNING: Position sync failed: get_positions failed: {'msg': 'Request header OK-ACCESS-PASSPHRASE incorrect.', 'code': '50105'}
2026-03-13 19:57:52,040 [worker:httpx] INFO: HTTP Request: GET https://www.okx.com/api/v5/account/positions?instType=SWAP "HTTP/2 401 Unauthorized"
2026-03-13 19:57:52,041 [worker:engine] WARNING: Position sync failed: get_positions failed: {'msg': 'Request header OK-ACCESS-PASSPHRASE incorrect.', 'code': '50105'}
2026-03-13 19:57:52,443 [worker:httpx] INFO: HTTP Request: GET https://www.okx.com/api/v5/account/positions?instType=SWAP "HTTP/2 401 Unauthorized"
2026-03-13 19:57:52,444 [worker:engine] WARNING: Position sync failed: get_positions failed: {'msg': 'Request header OK-ACCESS-PASSPHRASE incorrect.', 'code': '50105'}
2026-03-13 19:57:52,854 [worker:httpx] INFO: HTTP Request: GET https://www.okx.com/api/v5/account/positions?instType=SWAP "HTTP/2 401 Unauthorized"
2026-03-13 19:57:52,855 [worker:engine] WARNING: Position sync failed: get_positions failed: {'msg': 'Request header OK-ACCESS-PASSPHRASE incorrect.', 'code': '50105'}
2026-03-13 19:57:53,706 [worker:httpx] INFO: HTTP Request: GET https://www.okx.com/api/v5/account/positions?instType=SWAP "HTTP/2 401 Unauthorized"
2026-03-13 19:57:53,708 [worker:engine] WARNING: Position sync failed: get_positions failed: {'msg': 'Request header OK-ACCESS-PASSPHRASE incorrect.', 'code': '50105'}
2026-03-13 19:57:54,103 [worker:httpx] INFO: HTTP Request: GET https://www.okx.com/api/v5/account/positions?instType=SWAP "HTTP/2 401 Unauthorized"
2026-03-13 19:57:54,104 [worker:engine] WARNING: Position sync failed: get_positions failed: {'msg': 'Request header OK-ACCESS-PASSPHRASE incorrect.', 'code': '50105'}
2026-03-13 19:57:54,494 [worker:httpx] INFO: HTTP Request: GET https://www.okx.com/api/v5/account/positions?instType=SWAP "HTTP/2 401 Unauthorized"
2026-03-13 19:57:54,495 [worker:engine] WARNING: Position sync failed: get_positions failed: {'msg': 'Request header OK-ACCESS-PASSPHRASE incorrect.', 'code': '50105'}
2026-03-13 19:57:54,879 [worker:httpx] INFO: HTTP Request: GET https://www.okx.com/api/v5/account/positions?instType=SWAP "HTTP/2 401 Unauthorized"
2026-03-13 19:57:54,879 [worker:engine] WARNING: Position sync failed: get_positions failed: {'msg': 'Request header OK-ACCESS-PASSPHRASE incorrect.', 'code': '50105'}
2026-03-13 19:57:55,523 [worker:httpx] INFO: HTTP Request: GET https://www.okx.com/api/v5/account/positions?instType=SWAP "HTTP/2 401 Unauthorized"
2026-03-13 19:57:55,524 [worker:engine] WARNING: Position sync failed: get_positions failed: {'msg': 'Request header OK-ACCESS-PASSPHRASE incorrect.', 'code': '50105'}
2026-03-13 19:57:55,924 [worker:httpx] INFO: HTTP Request: GET https://www.okx.com/api/v5/account/positions?instType=SWAP "HTTP/2 401 Unauthorized"
2026-03-13 19:57:55,925 [worker:engine] WARNING: Position sync failed: get_positions failed: {'msg': 'Request header OK-ACCESS-PASSPHRASE incorrect.', 'code': '50105'}
2026-03-13 19:57:56,184 [worker:httpx] INFO: HTTP Request: GET https://www.okx.com/api/v5/account/positions?instType=SWAP "HTTP/2 401 Unauthorized"
2026-03-13 19:57:56,185 [worker:engine] WARNING: Position sync failed: get_positions failed: {'msg': 'Request header OK-ACCESS-PASSPHRASE incorrect.', 'code': '50105'}
2026-03-13 19:57:56,568 [worker:httpx] INFO: HTTP Request: GET https://www.okx.com/api/v5/account/positions?instType=SWAP "HTTP/2 401 Unauthorized"
2026-03-13 19:57:56,569 [worker:engine] WARNING: Position sync failed: get_positions failed: {'msg': 'Request header OK-ACCESS-PASSPHRASE incorrect.', 'code': '50105'}
2026-03-13 19:57:56,964 [worker:httpx] INFO: HTTP Request: GET https://www.okx.com/api/v5/account/positions?instType=SWAP "HTTP/2 401 Unauthorized"
2026-03-13 19:57:56,965 [worker:engine] WARNING: Position sync failed: get_positions failed: {'msg': 'Request header OK-ACCESS-PASSPHRASE incorrect.', 'code': '50105'}
2026-03-13 19:57:57,600 [worker:httpx] INFO: HTTP Request: GET https://www.okx.com/api/v5/account/positions?instType=SWAP "HTTP/2 401 Unauthorized"
2026-03-13 19:57:57,601 [worker:engine] WARNING: Position sync failed: get_positions failed: {'msg': 'Request header OK-ACCESS-PASSPHRASE incorrect.', 'code': '50105'}
2026-03-13 19:57:58,001 [worker:httpx] INFO: HTTP Request: GET https://www.okx.com/api/v5/account/positions?instType=SWAP "HTTP/2 401 Unauthorized"
2026-03-13 19:57:58,002 [worker:engine] WARNING: Position sync failed: get_positions failed: {'msg': 'Request header OK-ACCESS-PASSPHRASE incorrect.', 'code': '50105'}
2026-03-13 19:57:58,645 [worker:httpx] INFO: HTTP Request: GET https://www.okx.com/api/v5/account/positions?instType=SWAP "HTTP/2 401 Unauthorized"
2026-03-13 19:57:58,645 [worker:engine] WARNING: Position sync failed: get_positions failed: {'msg': 'Request header OK-ACCESS-PASSPHRASE incorrect.', 'code': '50105'}
2026-03-13 19:57:59,044 [worker:httpx] INFO: HTTP Request: GET https://www.okx.com/api/v5/account/positions?instType=SWAP "HTTP/2 401 Unauthorized"
2026-03-13 19:57:59,045 [worker:engine] WARNING: Position sync failed: get_positions failed: {'msg': 'Request header OK-ACCESS-PASSPHRASE incorrect.', 'code': '50105'}
2026-03-13 19:57:59,663 [worker:httpx] INFO: HTTP Request: GET https://www.okx.com/api/v5/account/positions?instType=SWAP "HTTP/2 401 Unauthorized"
2026-03-13 19:57:59,664 [worker:engine] WARNING: Position sync failed: get_positions failed: {'msg': 'Request header OK-ACCESS-PASSPHRASE incorrect.', 'code': '50105'}
2026-03-13 19:58:00,065 [worker:httpx] INFO: HTTP Request: GET https://www.okx.com/api/v5/account/positions?instType=SWAP "HTTP/2 401 Unauthorized"
2026-03-13 19:58:00,065 [worker:engine] WARNING: Position sync failed: get_positions failed: {'msg': 'Request header OK-ACCESS-PASSPHRASE incorrect.', 'code': '50105'}
2026-03-13 19:58:00,337 [worker:httpx] INFO: HTTP Request: GET https://www.okx.com/api/v5/account/positions?instType=SWAP "HTTP/2 401 Unauthorized"
2026-03-13 19:58:00,338 [worker:engine] WARNING: Position sync failed: get_positions failed: {'msg': 'Request header OK-ACCESS-PASSPHRASE incorrect.', 'code': '50105'}
2026-03-13 19:58:00,743 [worker:httpx] INFO: HTTP Request: GET https://www.okx.com/api/v5/account/positions?instType=SWAP "HTTP/2 401 Unauthorized"
2026-03-13 19:58:00,744 [worker:engine] WARNING: Position sync failed: get_positions failed: {'msg': 'Request header OK-ACCESS-PASSPHRASE incorrect.', 'code': '50105'}
2026-03-13 19:58:01,142 [worker:httpx] INFO: HTTP Request: GET https://www.okx.com/api/v5/account/positions?instType=SWAP "HTTP/2 401 Unauthorized"
2026-03-13 19:58:01,143 [worker:engine] WARNING: Position sync failed: get_positions failed: {'msg': 'Request header OK-ACCESS-PASSPHRASE incorrect.', 'code': '50105'}
2026-03-13 19:58:01,777 [worker:httpx] INFO: HTTP Request: GET https://www.okx.com/api/v5/account/positions?instType=SWAP "HTTP/2 401 Unauthorized"
2026-03-13 19:58:01,777 [worker:engine] WARNING: Position sync failed: get_positions failed: {'msg': 'Request header OK-ACCESS-PASSPHRASE incorrect.', 'code': '50105'}
2026-03-13 19:58:02,157 [worker:httpx] INFO: HTTP Request: GET https://www.okx.com/api/v5/account/positions?instType=SWAP "HTTP/2 401 Unauthorized"
2026-03-13 19:58:02,158 [worker:engine] WARNING: Position sync failed: get_positions failed: {'msg': 'Request header OK-ACCESS-PASSPHRASE incorrect.', 'code': '50105'}
2026-03-13 19:58:02,524 [worker:httpx] INFO: HTTP Request: GET https://www.okx.com/api/v5/account/positions?instType=SWAP "HTTP/2 401 Unauthorized"
2026-03-13 19:58:02,525 [worker:engine] WARNING: Position sync failed: get_positions failed: {'msg': 'Request header OK-ACCESS-PASSPHRASE incorrect.', 'code': '50105'}
2026-03-13 19:58:02,881 [worker:httpx] INFO: HTTP Request: GET https://www.okx.com/api/v5/account/positions?instType=SWAP "HTTP/2 401 Unauthorized"
2026-03-13 19:58:02,882 [worker:engine] WARNING: Position sync failed: get_positions failed: {'msg': 'Request header OK-ACCESS-PASSPHRASE incorrect.', 'code': '50105'}
2026-03-13 19:58:03,163 [worker:httpx] INFO: HTTP Request: GET https://www.okx.com/api/v5/account/positions?instType=SWAP "HTTP/2 401 Unauthorized"
2026-03-13 19:58:03,164 [worker:engine] WARNING: Position sync failed: get_positions failed: {'msg': 'Request header OK-ACCESS-PASSPHRASE incorrect.', 'code': '50105'}
2026-03-13 19:58:04,044 [worker:httpx] INFO: HTTP Request: GET https://www.okx.com/api/v5/account/positions?instType=SWAP "HTTP/2 401 Unauthorized"
2026-03-13 19:58:04,044 [worker:engine] WARNING: Position sync failed: get_positions failed: {'msg': 'Request header OK-ACCESS-PASSPHRASE incorrect.', 'code': '50105'}
2026-03-13 19:58:04,445 [worker:httpx] INFO: HTTP Request: GET https://www.okx.com/api/v5/account/positions?instType=SWAP "HTTP/2 401 Unauthorized"
2026-03-13 19:58:04,446 [worker:engine] WARNING: Position sync failed: get_positions failed: {'msg': 'Request header OK-ACCESS-PASSPHRASE incorrect.', 'code': '50105'}
2026-03-13 19:58:04,843 [worker:httpx] INFO: HTTP Request: GET https://www.okx.com/api/v5/account/positions?instType=SWAP "HTTP/2 401 Unauthorized"
2026-03-13 19:58:04,844 [worker:engine] WARNING: Position sync failed: get_positions failed: {'msg': 'Request header OK-ACCESS-PASSPHRASE incorrect.', 'code': '50105'}
2026-03-13 19:58:05,117 [worker:httpx] INFO: HTTP Request: GET https://www.okx.com/api/v5/account/positions?instType=SWAP "HTTP/2 401 Unauthorized"
2026-03-13 19:58:05,117 [worker:engine] WARNING: Position sync failed: get_positions failed: {'msg': 'Request header OK-ACCESS-PASSPHRASE incorrect.', 'code': '50105'}
2026-03-13 19:58:05,398 [worker:httpx] INFO: HTTP Request: GET https://www.okx.com/api/v5/account/positions?instType=SWAP "HTTP/2 401 Unauthorized"
2026-03-13 19:58:05,398 [worker:engine] WARNING: Position sync failed: get_positions failed: {'msg': 'Request header OK-ACCESS-PASSPHRASE incorrect.', 'code': '50105'}
2026-03-13 19:58:06,003 [worker:httpx] INFO: HTTP Request: GET https://www.okx.com/api/v5/account/positions?instType=SWAP "HTTP/2 401 Unauthorized"
2026-03-13 19:58:06,003 [worker:engine] WARNING: Position sync failed: get_positions failed: {'msg': 'Request header OK-ACCESS-PASSPHRASE incorrect.', 'code': '50105'}
2026-03-13 19:58:06,275 [worker:httpx] INFO: HTTP Request: GET https://www.okx.com/api/v5/account/positions?instType=SWAP "HTTP/2 401 Unauthorized"
2026-03-13 19:58:06,276 [worker:engine] WARNING: Position sync failed: get_positions failed: {'msg': 'Request header OK-ACCESS-PASSPHRASE incorrect.', 'code': '50105'}
2026-03-13 19:58:06,666 [worker:httpx] INFO: HTTP Request: GET https://www.okx.com/api/v5/account/positions?instType=SWAP "HTTP/2 401 Unauthorized"
2026-03-13 19:58:06,667 [worker:engine] WARNING: Position sync failed: get_positions failed: {'msg': 'Request header OK-ACCESS-PASSPHRASE incorrect.', 'code': '50105'}
2026-03-13 19:58:06,976 [worker:httpx] INFO: HTTP Request: GET https://www.okx.com/api/v5/account/positions?instType=SWAP "HTTP/2 401 Unauthorized"
2026-03-13 19:58:06,977 [worker:engine] WARNING: Position sync failed: get_positions failed: {'msg': 'Request header OK-ACCESS-PASSPHRASE incorrect.', 'code': '50105'}
2026-03-13 19:58:07,355 [worker:httpx] INFO: HTTP Request: GET https://www.okx.com/api/v5/account/positions?instType=SWAP "HTTP/2 401 Unauthorized"
2026-03-13 19:58:07,355 [worker:engine] WARNING: Position sync failed: get_positions failed: {'msg': 'Request header OK-ACCESS-PASSPHRASE incorrect.', 'code': '50105'}
2026-03-13 19:58:07,743 [worker:httpx] INFO: HTTP Request: GET https://www.okx.com/api/v5/account/positions?instType=SWAP "HTTP/2 401 Unauthorized"
2026-03-13 19:58:07,744 [worker:engine] WARNING: Position sync failed: get_positions failed: {'msg': 'Request header OK-ACCESS-PASSPHRASE incorrect.', 'code': '50105'}
2026-03-13 19:58:08,383 [worker:httpx] INFO: HTTP Request: GET https://www.okx.com/api/v5/account/positions?instType=SWAP "HTTP/2 401 Unauthorized"
2026-03-13 19:58:08,384 [worker:engine] WARNING: Position sync failed: get_positions failed: {'msg': 'Request header OK-ACCESS-PASSPHRASE incorrect.', 'code': '50105'}
2026-03-13 19:58:08,995 [worker:httpx] INFO: HTTP Request: GET https://www.okx.com/api/v5/account/positions?instType=SWAP "HTTP/2 401 Unauthorized"
2026-03-13 19:58:08,996 [worker:engine] WARNING: Position sync failed: get_positions failed: {'msg': 'Request header OK-ACCESS-PASSPHRASE incorrect.', 'code': '50105'}
2026-03-13 19:58:09,385 [worker:httpx] INFO: HTTP Request: GET https://www.okx.com/api/v5/account/positions?instType=SWAP "HTTP/2 401 Unauthorized"
2026-03-13 19:58:09,386 [worker:engine] WARNING: Position sync failed: get_positions failed: {'msg': 'Request header OK-ACCESS-PASSPHRASE incorrect.', 'code': '50105'}
2026-03-13 19:58:09,954 [worker:httpx] INFO: HTTP Request: GET https://www.okx.com/api/v5/account/positions?instType=SWAP "HTTP/2 401 Unauthorized"
2026-03-13 19:58:09,954 [worker:engine] WARNING: Position sync failed: get_positions failed: {'msg': 'Request header OK-ACCESS-PASSPHRASE incorrect.', 'code': '50105'}
2026-03-13 19:58:10,576 [worker:httpx] INFO: HTTP Request: GET https://www.okx.com/api/v5/account/positions?instType=SWAP "HTTP/2 401 Unauthorized"
2026-03-13 19:58:10,577 [worker:engine] WARNING: Position sync failed: get_positions failed: {'msg': 'Request header OK-ACCESS-PASSPHRASE incorrect.', 'code': '50105'}
2026-03-13 19:58:10,958 [worker:httpx] INFO: HTTP Request: GET https://www.okx.com/api/v5/account/positions?instType=SWAP "HTTP/2 401 Unauthorized"
2026-03-13 19:58:10,959 [worker:engine] WARNING: Position sync failed: get_positions failed: {'msg': 'Request header OK-ACCESS-PASSPHRASE incorrect.', 'code': '50105'}
2026-03-13 19:58:11,379 [worker:httpx] INFO: HTTP Request: GET https://www.okx.com/api/v5/account/positions?instType=SWAP "HTTP/2 401 Unauthorized"
2026-03-13 19:58:11,380 [worker:engine] WARNING: Position sync failed: get_positions failed: {'msg': 'Request header OK-ACCESS-PASSPHRASE incorrect.', 'code': '50105'}
2026-03-13 19:58:11,660 [worker:httpx] INFO: HTTP Request: GET https://www.okx.com/api/v5/account/positions?instType=SWAP "HTTP/2 401 Unauthorized"
2026-03-13 19:58:11,660 [worker:engine] WARNING: Position sync failed: get_positions failed: {'msg': 'Request header OK-ACCESS-PASSPHRASE incorrect.', 'code': '50105'}
2026-03-13 19:58:12,025 [worker:httpx] INFO: HTTP Request: GET https://www.okx.com/api/v5/account/positions?instType=SWAP "HTTP/2 401 Unauthorized"
2026-03-13 19:58:12,025 [worker:engine] WARNING: Position sync failed: get_positions failed: {'msg': 'Request header OK-ACCESS-PASSPHRASE incorrect.', 'code': '50105'}
2026-03-13 19:58:12,025 [worker:position] INFO: DCA #1: spread=-3.0921 long=basket1 short=basket2
2026-03-13 19:58:12,404 [worker:httpx] INFO: HTTP Request: GET https://www.okx.com/api/v5/account/balance "HTTP/2 401 Unauthorized"
2026-03-13 19:58:12,405 [worker:position] ERROR: Failed to execute DCA orders
Traceback (most recent call last):
  File "/Users/nickly/Desktop/robot/bot_manager/trading/position.py", line 304, in _dca
    self._execute_entry(self.state.long_basket, self.state.short_basket)
    ~~~~~~~~~~~~~~~~~~~^^^^^^^^^^^^^^^^^^^^^^^^^^^^^^^^^^^^^^^^^^^^^^^^^
  File "/Users/nickly/Desktop/robot/bot_manager/trading/position.py", line 358, in _execute_entry
    balance = self.okx.get_balance()
  File "/Users/nickly/Desktop/robot/bot_manager/trading/okx_client.py", line 100, in get_balance
    raise RuntimeError(f"get_balance failed: {r}")
RuntimeError: get_balance failed: {'msg': 'Request header OK-ACCESS-PASSPHRASE incorrect.', 'code': '50105'}
2026-03-13 19:58:13,163 [worker:httpx] INFO: HTTP Request: GET https://www.okx.com/api/v5/account/positions?instType=SWAP "HTTP/2 401 Unauthorized"
2026-03-13 19:58:13,163 [worker:engine] WARNING: Position sync failed: get_positions failed: {'msg': 'Request header OK-ACCESS-PASSPHRASE incorrect.', 'code': '50105'}
2026-03-13 19:58:14,507 [worker:httpx] INFO: HTTP Request: GET https://www.okx.com/api/v5/account/positions?instType=SWAP "HTTP/2 401 Unauthorized"
2026-03-13 19:58:14,508 [worker:engine] WARNING: Position sync failed: get_positions failed: {'msg': 'Request header OK-ACCESS-PASSPHRASE incorrect.', 'code': '50105'}
2026-03-13 19:58:15,118 [worker:httpx] INFO: HTTP Request: GET https://www.okx.com/api/v5/account/positions?instType=SWAP "HTTP/2 401 Unauthorized"
2026-03-13 19:58:15,119 [worker:engine] WARNING: Position sync failed: get_positions failed: {'msg': 'Request header OK-ACCESS-PASSPHRASE incorrect.', 'code': '50105'}
2026-03-13 19:58:15,780 [worker:httpx] INFO: HTTP Request: GET https://www.okx.com/api/v5/account/positions?instType=SWAP "HTTP/2 401 Unauthorized"
2026-03-13 19:58:15,780 [worker:engine] WARNING: Position sync failed: get_positions failed: {'msg': 'Request header OK-ACCESS-PASSPHRASE incorrect.', 'code': '50105'}
2026-03-13 19:58:16,163 [worker:httpx] INFO: HTTP Request: GET https://www.okx.com/api/v5/account/positions?instType=SWAP "HTTP/2 401 Unauthorized"
2026-03-13 19:58:16,164 [worker:engine] WARNING: Position sync failed: get_positions failed: {'msg': 'Request header OK-ACCESS-PASSPHRASE incorrect.', 'code': '50105'}
2026-03-13 19:58:16,566 [worker:httpx] INFO: HTTP Request: GET https://www.okx.com/api/v5/account/positions?instType=SWAP "HTTP/2 401 Unauthorized"
2026-03-13 19:58:16,567 [worker:engine] WARNING: Position sync failed: get_positions failed: {'msg': 'Request header OK-ACCESS-PASSPHRASE incorrect.', 'code': '50105'}
2026-03-13 19:58:16,951 [worker:httpx] INFO: HTTP Request: GET https://www.okx.com/api/v5/account/positions?instType=SWAP "HTTP/2 401 Unauthorized"
2026-03-13 19:58:16,952 [worker:engine] WARNING: Position sync failed: get_positions failed: {'msg': 'Request header OK-ACCESS-PASSPHRASE incorrect.', 'code': '50105'}
2026-03-13 19:58:17,361 [worker:httpx] INFO: HTTP Request: GET https://www.okx.com/api/v5/account/positions?instType=SWAP "HTTP/2 401 Unauthorized"
2026-03-13 19:58:17,362 [worker:engine] WARNING: Position sync failed: get_positions failed: {'msg': 'Request header OK-ACCESS-PASSPHRASE incorrect.', 'code': '50105'}
2026-03-13 19:58:18,016 [worker:httpx] INFO: HTTP Request: GET https://www.okx.com/api/v5/account/positions?instType=SWAP "HTTP/2 401 Unauthorized"
2026-03-13 19:58:18,016 [worker:engine] WARNING: Position sync failed: get_positions failed: {'msg': 'Request header OK-ACCESS-PASSPHRASE incorrect.', 'code': '50105'}
2026-03-13 19:58:18,385 [worker:httpx] INFO: HTTP Request: GET https://www.okx.com/api/v5/account/positions?instType=SWAP "HTTP/2 401 Unauthorized"
2026-03-13 19:58:18,386 [worker:engine] WARNING: Position sync failed: get_positions failed: {'msg': 'Request header OK-ACCESS-PASSPHRASE incorrect.', 'code': '50105'}
2026-03-13 19:58:18,827 [worker:httpx] INFO: HTTP Request: GET https://www.okx.com/api/v5/account/positions?instType=SWAP "HTTP/2 401 Unauthorized"
2026-03-13 19:58:18,827 [worker:engine] WARNING: Position sync failed: get_positions failed: {'msg': 'Request header OK-ACCESS-PASSPHRASE incorrect.', 'code': '50105'}
2026-03-13 19:58:19,100 [worker:httpx] INFO: HTTP Request: GET https://www.okx.com/api/v5/account/positions?instType=SWAP "HTTP/2 401 Unauthorized"
2026-03-13 19:58:19,100 [worker:engine] WARNING: Position sync failed: get_positions failed: {'msg': 'Request header OK-ACCESS-PASSPHRASE incorrect.', 'code': '50105'}
2026-03-13 19:58:19,498 [worker:httpx] INFO: HTTP Request: GET https://www.okx.com/api/v5/account/positions?instType=SWAP "HTTP/2 401 Unauthorized"
2026-03-13 19:58:19,498 [worker:engine] WARNING: Position sync failed: get_positions failed: {'msg': 'Request header OK-ACCESS-PASSPHRASE incorrect.', 'code': '50105'}
2026-03-13 19:58:20,061 [worker:httpx] INFO: HTTP Request: GET https://www.okx.com/api/v5/account/positions?instType=SWAP "HTTP/2 401 Unauthorized"
2026-03-13 19:58:20,062 [worker:engine] WARNING: Position sync failed: get_positions failed: {'msg': 'Request header OK-ACCESS-PASSPHRASE incorrect.', 'code': '50105'}
2026-03-13 19:58:20,678 [worker:httpx] INFO: HTTP Request: GET https://www.okx.com/api/v5/account/positions?instType=SWAP "HTTP/2 401 Unauthorized"
2026-03-13 19:58:20,678 [worker:engine] WARNING: Position sync failed: get_positions failed: {'msg': 'Request header OK-ACCESS-PASSPHRASE incorrect.', 'code': '50105'}
2026-03-13 19:58:21,058 [worker:httpx] INFO: HTTP Request: GET https://www.okx.com/api/v5/account/positions?instType=SWAP "HTTP/2 401 Unauthorized"
2026-03-13 19:58:21,059 [worker:engine] WARNING: Position sync failed: get_positions failed: {'msg': 'Request header OK-ACCESS-PASSPHRASE incorrect.', 'code': '50105'}
2026-03-13 19:58:21,457 [worker:httpx] INFO: HTTP Request: GET https://www.okx.com/api/v5/account/positions?instType=SWAP "HTTP/2 401 Unauthorized"
2026-03-13 19:58:21,457 [worker:engine] WARNING: Position sync failed: get_positions failed: {'msg': 'Request header OK-ACCESS-PASSPHRASE incorrect.', 'code': '50105'}
2026-03-13 19:58:21,856 [worker:httpx] INFO: HTTP Request: GET https://www.okx.com/api/v5/account/positions?instType=SWAP "HTTP/2 401 Unauthorized"
2026-03-13 19:58:21,857 [worker:engine] WARNING: Position sync failed: get_positions failed: {'msg': 'Request header OK-ACCESS-PASSPHRASE incorrect.', 'code': '50105'}
2026-03-13 19:58:22,437 [worker:httpx] INFO: HTTP Request: GET https://www.okx.com/api/v5/account/positions?instType=SWAP "HTTP/2 401 Unauthorized"
2026-03-13 19:58:22,437 [worker:engine] WARNING: Position sync failed: get_positions failed: {'msg': 'Request header OK-ACCESS-PASSPHRASE incorrect.', 'code': '50105'}
2026-03-13 19:58:22,852 [worker:httpx] INFO: HTTP Request: GET https://www.okx.com/api/v5/account/positions?instType=SWAP "HTTP/2 401 Unauthorized"
2026-03-13 19:58:22,853 [worker:engine] WARNING: Position sync failed: get_positions failed: {'msg': 'Request header OK-ACCESS-PASSPHRASE incorrect.', 'code': '50105'}
2026-03-13 19:58:23,257 [worker:httpx] INFO: HTTP Request: GET https://www.okx.com/api/v5/account/positions?instType=SWAP "HTTP/2 401 Unauthorized"
2026-03-13 19:58:23,258 [worker:engine] WARNING: Position sync failed: get_positions failed: {'msg': 'Request header OK-ACCESS-PASSPHRASE incorrect.', 'code': '50105'}
2026-03-13 19:58:23,643 [worker:httpx] INFO: HTTP Request: GET https://www.okx.com/api/v5/account/positions?instType=SWAP "HTTP/2 401 Unauthorized"
2026-03-13 19:58:23,644 [worker:engine] WARNING: Position sync failed: get_positions failed: {'msg': 'Request header OK-ACCESS-PASSPHRASE incorrect.', 'code': '50105'}
2026-03-13 19:58:24,027 [worker:httpx] INFO: HTTP Request: GET https://www.okx.com/api/v5/account/positions?instType=SWAP "HTTP/2 401 Unauthorized"
2026-03-13 19:58:24,028 [worker:engine] WARNING: Position sync failed: get_positions failed: {'msg': 'Request header OK-ACCESS-PASSPHRASE incorrect.', 'code': '50105'}
2026-03-13 19:58:24,653 [worker:httpx] INFO: HTTP Request: GET https://www.okx.com/api/v5/account/positions?instType=SWAP "HTTP/2 401 Unauthorized"
2026-03-13 19:58:24,655 [worker:engine] WARNING: Position sync failed: get_positions failed: {'msg': 'Request header OK-ACCESS-PASSPHRASE incorrect.', 'code': '50105'}
2026-03-13 19:58:25,014 [worker:httpx] INFO: HTTP Request: GET https://www.okx.com/api/v5/account/positions?instType=SWAP "HTTP/2 401 Unauthorized"
2026-03-13 19:58:25,014 [worker:engine] WARNING: Position sync failed: get_positions failed: {'msg': 'Request header OK-ACCESS-PASSPHRASE incorrect.', 'code': '50105'}
2026-03-13 19:58:25,393 [worker:httpx] INFO: HTTP Request: GET https://www.okx.com/api/v5/account/positions?instType=SWAP "HTTP/2 401 Unauthorized"
2026-03-13 19:58:25,394 [worker:engine] WARNING: Position sync failed: get_positions failed: {'msg': 'Request header OK-ACCESS-PASSPHRASE incorrect.', 'code': '50105'}
2026-03-13 19:58:25,964 [worker:httpx] INFO: HTTP Request: GET https://www.okx.com/api/v5/account/positions?instType=SWAP "HTTP/2 401 Unauthorized"
2026-03-13 19:58:25,965 [worker:engine] WARNING: Position sync failed: get_positions failed: {'msg': 'Request header OK-ACCESS-PASSPHRASE incorrect.', 'code': '50105'}
2026-03-13 19:58:26,340 [worker:httpx] INFO: HTTP Request: GET https://www.okx.com/api/v5/account/positions?instType=SWAP "HTTP/2 401 Unauthorized"
2026-03-13 19:58:26,342 [worker:engine] WARNING: Position sync failed: get_positions failed: {'msg': 'Request header OK-ACCESS-PASSPHRASE incorrect.', 'code': '50105'}
2026-03-13 19:58:26,958 [worker:httpx] INFO: HTTP Request: GET https://www.okx.com/api/v5/account/positions?instType=SWAP "HTTP/2 401 Unauthorized"
2026-03-13 19:58:26,959 [worker:engine] WARNING: Position sync failed: get_positions failed: {'msg': 'Request header OK-ACCESS-PASSPHRASE incorrect.', 'code': '50105'}
2026-03-13 19:58:27,339 [worker:httpx] INFO: HTTP Request: GET https://www.okx.com/api/v5/account/positions?instType=SWAP "HTTP/2 401 Unauthorized"
2026-03-13 19:58:27,340 [worker:engine] WARNING: Position sync failed: get_positions failed: {'msg': 'Request header OK-ACCESS-PASSPHRASE incorrect.', 'code': '50105'}
2026-03-13 19:58:27,733 [worker:httpx] INFO: HTTP Request: GET https://www.okx.com/api/v5/account/positions?instType=SWAP "HTTP/2 401 Unauthorized"
2026-03-13 19:58:27,733 [worker:engine] WARNING: Position sync failed: get_positions failed: {'msg': 'Request header OK-ACCESS-PASSPHRASE incorrect.', 'code': '50105'}
2026-03-13 19:58:27,991 [worker:httpx] INFO: HTTP Request: GET https://www.okx.com/api/v5/account/positions?instType=SWAP "HTTP/2 401 Unauthorized"
2026-03-13 19:58:27,991 [worker:engine] WARNING: Position sync failed: get_positions failed: {'msg': 'Request header OK-ACCESS-PASSPHRASE incorrect.', 'code': '50105'}
2026-03-13 19:58:28,390 [worker:httpx] INFO: HTTP Request: GET https://www.okx.com/api/v5/account/positions?instType=SWAP "HTTP/2 401 Unauthorized"
2026-03-13 19:58:28,391 [worker:engine] WARNING: Position sync failed: get_positions failed: {'msg': 'Request header OK-ACCESS-PASSPHRASE incorrect.', 'code': '50105'}
2026-03-13 19:58:28,777 [worker:httpx] INFO: HTTP Request: GET https://www.okx.com/api/v5/account/balance "HTTP/2 401 Unauthorized"
2026-03-13 19:58:29,249 [worker:httpx] INFO: HTTP Request: GET https://www.okx.com/api/v5/account/positions?instType=SWAP "HTTP/2 401 Unauthorized"
2026-03-13 19:58:29,249 [worker:engine] WARNING: Position sync failed: get_positions failed: {'msg': 'Request header OK-ACCESS-PASSPHRASE incorrect.', 'code': '50105'}
2026-03-13 19:58:29,664 [worker:httpx] INFO: HTTP Request: GET https://www.okx.com/api/v5/account/positions?instType=SWAP "HTTP/2 401 Unauthorized"
2026-03-13 19:58:29,665 [worker:engine] WARNING: Position sync failed: get_positions failed: {'msg': 'Request header OK-ACCESS-PASSPHRASE incorrect.', 'code': '50105'}
2026-03-13 19:58:30,099 [worker:httpx] INFO: HTTP Request: GET https://www.okx.com/api/v5/account/positions?instType=SWAP "HTTP/2 401 Unauthorized"
2026-03-13 19:58:30,100 [worker:engine] WARNING: Position sync failed: get_positions failed: {'msg': 'Request header OK-ACCESS-PASSPHRASE incorrect.', 'code': '50105'}
2026-03-13 19:58:30,503 [worker:httpx] INFO: HTTP Request: GET https://www.okx.com/api/v5/account/positions?instType=SWAP "HTTP/2 401 Unauthorized"
2026-03-13 19:58:30,504 [worker:engine] WARNING: Position sync failed: get_positions failed: {'msg': 'Request header OK-ACCESS-PASSPHRASE incorrect.', 'code': '50105'}
2026-03-13 19:58:31,466 [worker:httpx] INFO: HTTP Request: GET https://www.okx.com/api/v5/account/positions?instType=SWAP "HTTP/2 401 Unauthorized"
2026-03-13 19:58:31,467 [worker:engine] WARNING: Position sync failed: get_positions failed: {'msg': 'Request header OK-ACCESS-PASSPHRASE incorrect.', 'code': '50105'}
2026-03-13 19:58:31,870 [worker:httpx] INFO: HTTP Request: GET https://www.okx.com/api/v5/account/positions?instType=SWAP "HTTP/2 401 Unauthorized"
2026-03-13 19:58:31,872 [worker:engine] WARNING: Position sync failed: get_positions failed: {'msg': 'Request header OK-ACCESS-PASSPHRASE incorrect.', 'code': '50105'}
2026-03-13 19:58:32,297 [worker:httpx] INFO: HTTP Request: GET https://www.okx.com/api/v5/account/positions?instType=SWAP "HTTP/2 401 Unauthorized"
2026-03-13 19:58:32,298 [worker:engine] WARNING: Position sync failed: get_positions failed: {'msg': 'Request header OK-ACCESS-PASSPHRASE incorrect.', 'code': '50105'}
2026-03-13 19:58:32,574 [worker:httpx] INFO: HTTP Request: GET https://www.okx.com/api/v5/account/positions?instType=SWAP "HTTP/2 401 Unauthorized"
2026-03-13 19:58:32,575 [worker:engine] WARNING: Position sync failed: get_positions failed: {'msg': 'Request header OK-ACCESS-PASSPHRASE incorrect.', 'code': '50105'}
2026-03-13 19:58:33,398 [worker:httpx] INFO: HTTP Request: GET https://www.okx.com/api/v5/account/positions?instType=SWAP "HTTP/2 401 Unauthorized"
2026-03-13 19:58:33,398 [worker:engine] WARNING: Position sync failed: get_positions failed: {'msg': 'Request header OK-ACCESS-PASSPHRASE incorrect.', 'code': '50105'}
2026-03-13 19:58:34,875 [worker:httpx] INFO: HTTP Request: GET https://www.okx.com/api/v5/account/positions?instType=SWAP "HTTP/2 401 Unauthorized"
2026-03-13 19:58:34,876 [worker:engine] WARNING: Position sync failed: get_positions failed: {'msg': 'Request header OK-ACCESS-PASSPHRASE incorrect.', 'code': '50105'}
2026-03-13 19:58:36,825 [worker:httpx] INFO: HTTP Request: GET https://www.okx.com/api/v5/account/positions?instType=SWAP "HTTP/2 401 Unauthorized"
2026-03-13 19:58:36,826 [worker:engine] WARNING: Position sync failed: get_positions failed: {'msg': 'Request header OK-ACCESS-PASSPHRASE incorrect.', 'code': '50105'}
2026-03-13 19:58:37,574 [worker:httpx] INFO: HTTP Request: GET https://www.okx.com/api/v5/account/positions?instType=SWAP "HTTP/2 401 Unauthorized"
2026-03-13 19:58:37,585 [worker:engine] WARNING: Position sync failed: get_positions failed: {'msg': 'Request header OK-ACCESS-PASSPHRASE incorrect.', 'code': '50105'}
2026-03-13 19:58:40,070 [worker:httpx] INFO: HTTP Request: GET https://www.okx.com/api/v5/account/positions?instType=SWAP "HTTP/2 401 Unauthorized"
2026-03-13 19:58:40,072 [worker:engine] WARNING: Position sync failed: get_positions failed: {'msg': 'Request header OK-ACCESS-PASSPHRASE incorrect.', 'code': '50105'}
2026-03-13 19:58:41,297 [worker:httpx] INFO: HTTP Request: GET https://www.okx.com/api/v5/account/positions?instType=SWAP "HTTP/2 401 Unauthorized"
2026-03-13 19:58:41,297 [worker:engine] WARNING: Position sync failed: get_positions failed: {'msg': 'Request header OK-ACCESS-PASSPHRASE incorrect.', 'code': '50105'}
2026-03-13 19:58:42,046 [worker:httpx] INFO: HTTP Request: GET https://www.okx.com/api/v5/account/positions?instType=SWAP "HTTP/2 401 Unauthorized"
2026-03-13 19:58:42,046 [worker:engine] WARNING: Position sync failed: get_positions failed: {'msg': 'Request header OK-ACCESS-PASSPHRASE incorrect.', 'code': '50105'}
2026-03-13 19:58:53,646 [worker:httpx] INFO: HTTP Request: GET https://www.okx.com/api/v5/account/positions?instType=SWAP "HTTP/2 401 Unauthorized"
2026-03-13 19:58:53,648 [worker:engine] WARNING: Position sync failed: get_positions failed: {'msg': 'Request header OK-ACCESS-PASSPHRASE incorrect.', 'code': '50105'}
2026-03-13 19:58:55,790 [worker:httpx] INFO: HTTP Request: GET https://www.okx.com/api/v5/account/positions?instType=SWAP "HTTP/2 401 Unauthorized"
2026-03-13 19:58:55,791 [worker:engine] WARNING: Position sync failed: get_positions failed: {'msg': 'Request header OK-ACCESS-PASSPHRASE incorrect.', 'code': '50105'}
2026-03-13 19:58:56,334 [worker:httpx] INFO: HTTP Request: GET https://www.okx.com/api/v5/account/positions?instType=SWAP "HTTP/2 401 Unauthorized"
2026-03-13 19:58:56,335 [worker:engine] WARNING: Position sync failed: get_positions failed: {'msg': 'Request header OK-ACCESS-PASSPHRASE incorrect.', 'code': '50105'}
2026-03-13 19:58:56,712 [worker:httpx] INFO: HTTP Request: GET https://www.okx.com/api/v5/account/positions?instType=SWAP "HTTP/2 401 Unauthorized"
2026-03-13 19:58:56,713 [worker:engine] WARNING: Position sync failed: get_positions failed: {'msg': 'Request header OK-ACCESS-PASSPHRASE incorrect.', 'code': '50105'}
2026-03-13 19:58:57,100 [worker:httpx] INFO: HTTP Request: GET https://www.okx.com/api/v5/account/positions?instType=SWAP "HTTP/2 401 Unauthorized"
2026-03-13 19:58:57,101 [worker:engine] WARNING: Position sync failed: get_positions failed: {'msg': 'Request header OK-ACCESS-PASSPHRASE incorrect.', 'code': '50105'}
2026-03-13 19:58:57,498 [worker:httpx] INFO: HTTP Request: GET https://www.okx.com/api/v5/account/positions?instType=SWAP "HTTP/2 401 Unauthorized"
2026-03-13 19:58:57,498 [worker:engine] WARNING: Position sync failed: get_positions failed: {'msg': 'Request header OK-ACCESS-PASSPHRASE incorrect.', 'code': '50105'}
2026-03-13 19:58:57,898 [worker:httpx] INFO: HTTP Request: GET https://www.okx.com/api/v5/account/positions?instType=SWAP "HTTP/2 401 Unauthorized"
2026-03-13 19:58:57,898 [worker:engine] WARNING: Position sync failed: get_positions failed: {'msg': 'Request header OK-ACCESS-PASSPHRASE incorrect.', 'code': '50105'}
2026-03-13 19:58:58,557 [worker:httpx] INFO: HTTP Request: GET https://www.okx.com/api/v5/account/positions?instType=SWAP "HTTP/2 401 Unauthorized"
2026-03-13 19:58:58,558 [worker:engine] WARNING: Position sync failed: get_positions failed: {'msg': 'Request header OK-ACCESS-PASSPHRASE incorrect.', 'code': '50105'}
2026-03-13 19:58:58,812 [worker:httpx] INFO: HTTP Request: GET https://www.okx.com/api/v5/account/positions?instType=SWAP "HTTP/2 401 Unauthorized"
2026-03-13 19:58:58,814 [worker:engine] WARNING: Position sync failed: get_positions failed: {'msg': 'Request header OK-ACCESS-PASSPHRASE incorrect.', 'code': '50105'}
2026-03-13 19:58:59,379 [worker:httpx] INFO: HTTP Request: GET https://www.okx.com/api/v5/account/positions?instType=SWAP "HTTP/2 401 Unauthorized"
2026-03-13 19:58:59,379 [worker:engine] WARNING: Position sync failed: get_positions failed: {'msg': 'Request header OK-ACCESS-PASSPHRASE incorrect.', 'code': '50105'}
2026-03-13 19:58:59,759 [worker:httpx] INFO: HTTP Request: GET https://www.okx.com/api/v5/account/positions?instType=SWAP "HTTP/2 401 Unauthorized"
2026-03-13 19:58:59,759 [worker:engine] WARNING: Position sync failed: get_positions failed: {'msg': 'Request header OK-ACCESS-PASSPHRASE incorrect.', 'code': '50105'}
2026-03-13 19:59:00,178 [worker:httpx] INFO: HTTP Request: GET https://www.okx.com/api/v5/account/positions?instType=SWAP "HTTP/2 401 Unauthorized"
2026-03-13 19:59:00,178 [worker:engine] WARNING: Position sync failed: get_positions failed: {'msg': 'Request header OK-ACCESS-PASSPHRASE incorrect.', 'code': '50105'}
2026-03-13 19:59:00,822 [worker:httpx] INFO: HTTP Request: GET https://www.okx.com/api/v5/account/positions?instType=SWAP "HTTP/2 401 Unauthorized"
2026-03-13 19:59:00,823 [worker:engine] WARNING: Position sync failed: get_positions failed: {'msg': 'Request header OK-ACCESS-PASSPHRASE incorrect.', 'code': '50105'}
2026-03-13 19:59:01,212 [worker:httpx] INFO: HTTP Request: GET https://www.okx.com/api/v5/account/positions?instType=SWAP "HTTP/2 401 Unauthorized"
2026-03-13 19:59:01,213 [worker:engine] WARNING: Position sync failed: get_positions failed: {'msg': 'Request header OK-ACCESS-PASSPHRASE incorrect.', 'code': '50105'}
2026-03-13 19:59:01,595 [worker:httpx] INFO: HTTP Request: GET https://www.okx.com/api/v5/account/positions?instType=SWAP "HTTP/2 401 Unauthorized"
2026-03-13 19:59:01,596 [worker:engine] WARNING: Position sync failed: get_positions failed: {'msg': 'Request header OK-ACCESS-PASSPHRASE incorrect.', 'code': '50105'}
2026-03-13 19:59:02,001 [worker:httpx] INFO: HTTP Request: GET https://www.okx.com/api/v5/account/positions?instType=SWAP "HTTP/2 401 Unauthorized"
2026-03-13 19:59:02,001 [worker:engine] WARNING: Position sync failed: get_positions failed: {'msg': 'Request header OK-ACCESS-PASSPHRASE incorrect.', 'code': '50105'}
2026-03-13 19:59:02,461 [worker:httpx] INFO: HTTP Request: GET https://www.okx.com/api/v5/account/positions?instType=SWAP "HTTP/2 401 Unauthorized"
2026-03-13 19:59:02,462 [worker:engine] WARNING: Position sync failed: get_positions failed: {'msg': 'Request header OK-ACCESS-PASSPHRASE incorrect.', 'code': '50105'}
2026-03-13 19:59:07,046 [worker:httpx] INFO: HTTP Request: GET https://www.okx.com/api/v5/account/positions?instType=SWAP "HTTP/2 401 Unauthorized"
2026-03-13 19:59:07,048 [worker:engine] WARNING: Position sync failed: get_positions failed: {'msg': 'Request header OK-ACCESS-PASSPHRASE incorrect.', 'code': '50105'}
2026-03-13 19:59:07,918 [worker:httpx] INFO: HTTP Request: GET https://www.okx.com/api/v5/account/positions?instType=SWAP "HTTP/2 401 Unauthorized"
2026-03-13 19:59:07,918 [worker:engine] WARNING: Position sync failed: get_positions failed: {'msg': 'Request header OK-ACCESS-PASSPHRASE incorrect.', 'code': '50105'}
2026-03-13 19:59:08,325 [worker:httpx] INFO: HTTP Request: GET https://www.okx.com/api/v5/account/positions?instType=SWAP "HTTP/2 401 Unauthorized"
2026-03-13 19:59:08,325 [worker:engine] WARNING: Position sync failed: get_positions failed: {'msg': 'Request header OK-ACCESS-PASSPHRASE incorrect.', 'code': '50105'}
2026-03-13 19:59:08,718 [worker:httpx] INFO: HTTP Request: GET https://www.okx.com/api/v5/account/positions?instType=SWAP "HTTP/2 401 Unauthorized"
2026-03-13 19:59:08,719 [worker:engine] WARNING: Position sync failed: get_positions failed: {'msg': 'Request header OK-ACCESS-PASSPHRASE incorrect.', 'code': '50105'}
2026-03-13 19:59:09,124 [worker:httpx] INFO: HTTP Request: GET https://www.okx.com/api/v5/account/positions?instType=SWAP "HTTP/2 401 Unauthorized"
2026-03-13 19:59:09,124 [worker:engine] WARNING: Position sync failed: get_positions failed: {'msg': 'Request header OK-ACCESS-PASSPHRASE incorrect.', 'code': '50105'}
2026-03-13 19:59:09,762 [worker:httpx] INFO: HTTP Request: GET https://www.okx.com/api/v5/account/positions?instType=SWAP "HTTP/2 401 Unauthorized"
2026-03-13 19:59:09,762 [worker:engine] WARNING: Position sync failed: get_positions failed: {'msg': 'Request header OK-ACCESS-PASSPHRASE incorrect.', 'code': '50105'}
2026-03-13 19:59:10,161 [worker:httpx] INFO: HTTP Request: GET https://www.okx.com/api/v5/account/positions?instType=SWAP "HTTP/2 401 Unauthorized"
2026-03-13 19:59:10,161 [worker:engine] WARNING: Position sync failed: get_positions failed: {'msg': 'Request header OK-ACCESS-PASSPHRASE incorrect.', 'code': '50105'}
2026-03-13 19:59:10,561 [worker:httpx] INFO: HTTP Request: GET https://www.okx.com/api/v5/account/positions?instType=SWAP "HTTP/2 401 Unauthorized"
2026-03-13 19:59:10,561 [worker:engine] WARNING: Position sync failed: get_positions failed: {'msg': 'Request header OK-ACCESS-PASSPHRASE incorrect.', 'code': '50105'}
2026-03-13 19:59:10,954 [worker:httpx] INFO: HTTP Request: GET https://www.okx.com/api/v5/account/positions?instType=SWAP "HTTP/2 401 Unauthorized"
2026-03-13 19:59:10,954 [worker:engine] WARNING: Position sync failed: get_positions failed: {'msg': 'Request header OK-ACCESS-PASSPHRASE incorrect.', 'code': '50105'}
2026-03-13 19:59:11,342 [worker:httpx] INFO: HTTP Request: GET https://www.okx.com/api/v5/account/positions?instType=SWAP "HTTP/2 401 Unauthorized"
2026-03-13 19:59:11,342 [worker:engine] WARNING: Position sync failed: get_positions failed: {'msg': 'Request header OK-ACCESS-PASSPHRASE incorrect.', 'code': '50105'}
2026-03-13 19:59:11,953 [worker:httpx] INFO: HTTP Request: GET https://www.okx.com/api/v5/account/positions?instType=SWAP "HTTP/2 401 Unauthorized"
2026-03-13 19:59:11,953 [worker:engine] WARNING: Position sync failed: get_positions failed: {'msg': 'Request header OK-ACCESS-PASSPHRASE incorrect.', 'code': '50105'}
2026-03-13 19:59:12,344 [worker:httpx] INFO: HTTP Request: GET https://www.okx.com/api/v5/account/positions?instType=SWAP "HTTP/2 401 Unauthorized"
2026-03-13 19:59:12,344 [worker:engine] WARNING: Position sync failed: get_positions failed: {'msg': 'Request header OK-ACCESS-PASSPHRASE incorrect.', 'code': '50105'}
2026-03-13 19:59:12,988 [worker:httpx] INFO: HTTP Request: GET https://www.okx.com/api/v5/account/positions?instType=SWAP "HTTP/2 401 Unauthorized"
2026-03-13 19:59:12,988 [worker:engine] WARNING: Position sync failed: get_positions failed: {'msg': 'Request header OK-ACCESS-PASSPHRASE incorrect.', 'code': '50105'}
2026-03-13 19:59:13,406 [worker:httpx] INFO: HTTP Request: GET https://www.okx.com/api/v5/account/positions?instType=SWAP "HTTP/2 401 Unauthorized"
2026-03-13 19:59:13,407 [worker:engine] WARNING: Position sync failed: get_positions failed: {'msg': 'Request header OK-ACCESS-PASSPHRASE incorrect.', 'code': '50105'}
2026-03-13 19:59:14,018 [worker:httpx] INFO: HTTP Request: GET https://www.okx.com/api/v5/account/positions?instType=SWAP "HTTP/2 401 Unauthorized"
2026-03-13 19:59:14,020 [worker:engine] WARNING: Position sync failed: get_positions failed: {'msg': 'Request header OK-ACCESS-PASSPHRASE incorrect.', 'code': '50105'}
2026-03-13 19:59:14,417 [worker:httpx] INFO: HTTP Request: GET https://www.okx.com/api/v5/account/positions?instType=SWAP "HTTP/2 401 Unauthorized"
2026-03-13 19:59:14,417 [worker:engine] WARNING: Position sync failed: get_positions failed: {'msg': 'Request header OK-ACCESS-PASSPHRASE incorrect.', 'code': '50105'}
2026-03-13 19:59:14,683 [worker:httpx] INFO: HTTP Request: GET https://www.okx.com/api/v5/account/positions?instType=SWAP "HTTP/2 401 Unauthorized"
2026-03-13 19:59:14,683 [worker:engine] WARNING: Position sync failed: get_positions failed: {'msg': 'Request header OK-ACCESS-PASSPHRASE incorrect.', 'code': '50105'}
2026-03-13 19:59:15,061 [worker:httpx] INFO: HTTP Request: GET https://www.okx.com/api/v5/account/positions?instType=SWAP "HTTP/2 401 Unauthorized"
2026-03-13 19:59:15,062 [worker:engine] WARNING: Position sync failed: get_positions failed: {'msg': 'Request header OK-ACCESS-PASSPHRASE incorrect.', 'code': '50105'}
2026-03-13 19:59:15,339 [worker:httpx] INFO: HTTP Request: GET https://www.okx.com/api/v5/account/positions?instType=SWAP "HTTP/2 401 Unauthorized"
2026-03-13 19:59:15,340 [worker:engine] WARNING: Position sync failed: get_positions failed: {'msg': 'Request header OK-ACCESS-PASSPHRASE incorrect.', 'code': '50105'}
2026-03-13 19:59:15,662 [worker:httpx] INFO: HTTP Request: GET https://www.okx.com/api/v5/account/positions?instType=SWAP "HTTP/2 401 Unauthorized"
2026-03-13 19:59:15,662 [worker:engine] WARNING: Position sync failed: get_positions failed: {'msg': 'Request header OK-ACCESS-PASSPHRASE incorrect.', 'code': '50105'}
2026-03-13 19:59:16,271 [worker:httpx] INFO: HTTP Request: GET https://www.okx.com/api/v5/account/positions?instType=SWAP "HTTP/2 401 Unauthorized"
2026-03-13 19:59:16,272 [worker:engine] WARNING: Position sync failed: get_positions failed: {'msg': 'Request header OK-ACCESS-PASSPHRASE incorrect.', 'code': '50105'}
2026-03-13 19:59:16,662 [worker:httpx] INFO: HTTP Request: GET https://www.okx.com/api/v5/account/positions?instType=SWAP "HTTP/2 401 Unauthorized"
2026-03-13 19:59:16,662 [worker:engine] WARNING: Position sync failed: get_positions failed: {'msg': 'Request header OK-ACCESS-PASSPHRASE incorrect.', 'code': '50105'}
2026-03-13 19:59:16,938 [worker:httpx] INFO: HTTP Request: GET https://www.okx.com/api/v5/account/positions?instType=SWAP "HTTP/2 401 Unauthorized"
2026-03-13 19:59:16,939 [worker:engine] WARNING: Position sync failed: get_positions failed: {'msg': 'Request header OK-ACCESS-PASSPHRASE incorrect.', 'code': '50105'}
2026-03-13 19:59:17,332 [worker:httpx] INFO: HTTP Request: GET https://www.okx.com/api/v5/account/positions?instType=SWAP "HTTP/2 401 Unauthorized"
2026-03-13 19:59:17,333 [worker:engine] WARNING: Position sync failed: get_positions failed: {'msg': 'Request header OK-ACCESS-PASSPHRASE incorrect.', 'code': '50105'}
2026-03-13 19:59:17,723 [worker:httpx] INFO: HTTP Request: GET https://www.okx.com/api/v5/account/positions?instType=SWAP "HTTP/2 401 Unauthorized"
2026-03-13 19:59:17,723 [worker:engine] WARNING: Position sync failed: get_positions failed: {'msg': 'Request header OK-ACCESS-PASSPHRASE incorrect.', 'code': '50105'}
2026-03-13 19:59:19,512 [worker:httpx] INFO: HTTP Request: GET https://www.okx.com/api/v5/account/positions?instType=SWAP "HTTP/2 401 Unauthorized"
2026-03-13 19:59:19,513 [worker:engine] WARNING: Position sync failed: get_positions failed: {'msg': 'Request header OK-ACCESS-PASSPHRASE incorrect.', 'code': '50105'}
2026-03-13 19:59:19,907 [worker:httpx] INFO: HTTP Request: GET https://www.okx.com/api/v5/account/positions?instType=SWAP "HTTP/2 401 Unauthorized"
2026-03-13 19:59:19,907 [worker:engine] WARNING: Position sync failed: get_positions failed: {'msg': 'Request header OK-ACCESS-PASSPHRASE incorrect.', 'code': '50105'}
2026-03-13 19:59:20,496 [worker:httpx] INFO: HTTP Request: GET https://www.okx.com/api/v5/account/positions?instType=SWAP "HTTP/2 401 Unauthorized"
2026-03-13 19:59:20,497 [worker:engine] WARNING: Position sync failed: get_positions failed: {'msg': 'Request header OK-ACCESS-PASSPHRASE incorrect.', 'code': '50105'}
2026-03-13 19:59:20,763 [worker:httpx] INFO: HTTP Request: GET https://www.okx.com/api/v5/account/positions?instType=SWAP "HTTP/2 401 Unauthorized"
2026-03-13 19:59:20,764 [worker:engine] WARNING: Position sync failed: get_positions failed: {'msg': 'Request header OK-ACCESS-PASSPHRASE incorrect.', 'code': '50105'}
2026-03-13 19:59:21,056 [worker:httpx] INFO: HTTP Request: GET https://www.okx.com/api/v5/account/positions?instType=SWAP "HTTP/2 401 Unauthorized"
2026-03-13 19:59:21,056 [worker:engine] WARNING: Position sync failed: get_positions failed: {'msg': 'Request header OK-ACCESS-PASSPHRASE incorrect.', 'code': '50105'}
2026-03-13 19:59:21,457 [worker:httpx] INFO: HTTP Request: GET https://www.okx.com/api/v5/account/positions?instType=SWAP "HTTP/2 401 Unauthorized"
2026-03-13 19:59:21,457 [worker:engine] WARNING: Position sync failed: get_positions failed: {'msg': 'Request header OK-ACCESS-PASSPHRASE incorrect.', 'code': '50105'}
2026-03-13 19:59:21,838 [worker:httpx] INFO: HTTP Request: GET https://www.okx.com/api/v5/account/positions?instType=SWAP "HTTP/2 401 Unauthorized"
2026-03-13 19:59:21,838 [worker:engine] WARNING: Position sync failed: get_positions failed: {'msg': 'Request header OK-ACCESS-PASSPHRASE incorrect.', 'code': '50105'}
2026-03-13 19:59:22,234 [worker:httpx] INFO: HTTP Request: GET https://www.okx.com/api/v5/account/positions?instType=SWAP "HTTP/2 401 Unauthorized"
2026-03-13 19:59:22,234 [worker:engine] WARNING: Position sync failed: get_positions failed: {'msg': 'Request header OK-ACCESS-PASSPHRASE incorrect.', 'code': '50105'}
2026-03-13 19:59:22,794 [worker:httpx] INFO: HTTP Request: GET https://www.okx.com/api/v5/account/positions?instType=SWAP "HTTP/2 401 Unauthorized"
2026-03-13 19:59:22,794 [worker:engine] WARNING: Position sync failed: get_positions failed: {'msg': 'Request header OK-ACCESS-PASSPHRASE incorrect.', 'code': '50105'}
2026-03-13 19:59:23,416 [worker:httpx] INFO: HTTP Request: GET https://www.okx.com/api/v5/account/positions?instType=SWAP "HTTP/2 401 Unauthorized"
2026-03-13 19:59:23,416 [worker:engine] WARNING: Position sync failed: get_positions failed: {'msg': 'Request header OK-ACCESS-PASSPHRASE incorrect.', 'code': '50105'}
2026-03-13 19:59:23,814 [worker:httpx] INFO: HTTP Request: GET https://www.okx.com/api/v5/account/positions?instType=SWAP "HTTP/2 401 Unauthorized"
2026-03-13 19:59:23,814 [worker:engine] WARNING: Position sync failed: get_positions failed: {'msg': 'Request header OK-ACCESS-PASSPHRASE incorrect.', 'code': '50105'}
2026-03-13 19:59:24,988 [worker:httpx] INFO: HTTP Request: GET https://www.okx.com/api/v5/account/positions?instType=SWAP "HTTP/2 401 Unauthorized"
2026-03-13 19:59:24,988 [worker:engine] WARNING: Position sync failed: get_positions failed: {'msg': 'Request header OK-ACCESS-PASSPHRASE incorrect.', 'code': '50105'}
2026-03-13 19:59:25,567 [worker:httpx] INFO: HTTP Request: GET https://www.okx.com/api/v5/account/positions?instType=SWAP "HTTP/2 401 Unauthorized"
2026-03-13 19:59:25,567 [worker:engine] WARNING: Position sync failed: get_positions failed: {'msg': 'Request header OK-ACCESS-PASSPHRASE incorrect.', 'code': '50105'}
2026-03-13 19:59:25,973 [worker:httpx] INFO: HTTP Request: GET https://www.okx.com/api/v5/account/positions?instType=SWAP "HTTP/2 401 Unauthorized"
2026-03-13 19:59:25,974 [worker:engine] WARNING: Position sync failed: get_positions failed: {'msg': 'Request header OK-ACCESS-PASSPHRASE incorrect.', 'code': '50105'}
2026-03-13 19:59:26,359 [worker:httpx] INFO: HTTP Request: GET https://www.okx.com/api/v5/account/positions?instType=SWAP "HTTP/2 401 Unauthorized"
2026-03-13 19:59:26,359 [worker:engine] WARNING: Position sync failed: get_positions failed: {'msg': 'Request header OK-ACCESS-PASSPHRASE incorrect.', 'code': '50105'}
2026-03-13 19:59:26,737 [worker:httpx] INFO: HTTP Request: GET https://www.okx.com/api/v5/account/positions?instType=SWAP "HTTP/2 401 Unauthorized"
2026-03-13 19:59:26,737 [worker:engine] WARNING: Position sync failed: get_positions failed: {'msg': 'Request header OK-ACCESS-PASSPHRASE incorrect.', 'code': '50105'}
2026-03-13 19:59:27,116 [worker:httpx] INFO: HTTP Request: GET https://www.okx.com/api/v5/account/positions?instType=SWAP "HTTP/2 401 Unauthorized"
2026-03-13 19:59:27,116 [worker:engine] WARNING: Position sync failed: get_positions failed: {'msg': 'Request header OK-ACCESS-PASSPHRASE incorrect.', 'code': '50105'}
2026-03-13 19:59:27,685 [worker:httpx] INFO: HTTP Request: GET https://www.okx.com/api/v5/account/positions?instType=SWAP "HTTP/2 401 Unauthorized"
2026-03-13 19:59:27,685 [worker:engine] WARNING: Position sync failed: get_positions failed: {'msg': 'Request header OK-ACCESS-PASSPHRASE incorrect.', 'code': '50105'}
2026-03-13 19:59:27,957 [worker:httpx] INFO: HTTP Request: GET https://www.okx.com/api/v5/account/positions?instType=SWAP "HTTP/2 401 Unauthorized"
2026-03-13 19:59:27,958 [worker:engine] WARNING: Position sync failed: get_positions failed: {'msg': 'Request header OK-ACCESS-PASSPHRASE incorrect.', 'code': '50105'}
2026-03-13 19:59:28,587 [worker:httpx] INFO: HTTP Request: GET https://www.okx.com/api/v5/account/positions?instType=SWAP "HTTP/2 401 Unauthorized"
2026-03-13 19:59:28,588 [worker:engine] WARNING: Position sync failed: get_positions failed: {'msg': 'Request header OK-ACCESS-PASSPHRASE incorrect.', 'code': '50105'}
2026-03-13 19:59:28,978 [worker:httpx] INFO: HTTP Request: GET https://www.okx.com/api/v5/account/positions?instType=SWAP "HTTP/2 401 Unauthorized"
2026-03-13 19:59:28,978 [worker:engine] WARNING: Position sync failed: get_positions failed: {'msg': 'Request header OK-ACCESS-PASSPHRASE incorrect.', 'code': '50105'}
2026-03-13 19:59:29,250 [worker:httpx] INFO: HTTP Request: GET https://www.okx.com/api/v5/account/positions?instType=SWAP "HTTP/2 401 Unauthorized"
2026-03-13 19:59:29,250 [worker:engine] WARNING: Position sync failed: get_positions failed: {'msg': 'Request header OK-ACCESS-PASSPHRASE incorrect.', 'code': '50105'}
2026-03-13 19:59:29,658 [worker:httpx] INFO: HTTP Request: GET https://www.okx.com/api/v5/account/balance "HTTP/2 401 Unauthorized"
2026-03-13 19:59:30,231 [worker:httpx] INFO: HTTP Request: GET https://www.okx.com/api/v5/account/positions?instType=SWAP "HTTP/2 401 Unauthorized"
2026-03-13 19:59:30,238 [worker:engine] WARNING: Position sync failed: get_positions failed: {'msg': 'Request header OK-ACCESS-PASSPHRASE incorrect.', 'code': '50105'}
2026-03-13 19:59:30,652 [worker:httpx] INFO: HTTP Request: GET https://www.okx.com/api/v5/account/positions?instType=SWAP "HTTP/2 401 Unauthorized"
2026-03-13 19:59:30,653 [worker:engine] WARNING: Position sync failed: get_positions failed: {'msg': 'Request header OK-ACCESS-PASSPHRASE incorrect.', 'code': '50105'}
2026-03-13 19:59:30,995 [worker:httpx] INFO: HTTP Request: GET https://www.okx.com/api/v5/account/positions?instType=SWAP "HTTP/2 401 Unauthorized"
2026-03-13 19:59:30,995 [worker:engine] WARNING: Position sync failed: get_positions failed: {'msg': 'Request header OK-ACCESS-PASSPHRASE incorrect.', 'code': '50105'}
2026-03-13 19:59:31,398 [worker:httpx] INFO: HTTP Request: GET https://www.okx.com/api/v5/account/positions?instType=SWAP "HTTP/2 401 Unauthorized"
2026-03-13 19:59:31,399 [worker:engine] WARNING: Position sync failed: get_positions failed: {'msg': 'Request header OK-ACCESS-PASSPHRASE incorrect.', 'code': '50105'}
2026-03-13 19:59:32,000 [worker:httpx] INFO: HTTP Request: GET https://www.okx.com/api/v5/account/positions?instType=SWAP "HTTP/2 401 Unauthorized"
2026-03-13 19:59:32,002 [worker:engine] WARNING: Position sync failed: get_positions failed: {'msg': 'Request header OK-ACCESS-PASSPHRASE incorrect.', 'code': '50105'}
2026-03-13 19:59:32,404 [worker:httpx] INFO: HTTP Request: GET https://www.okx.com/api/v5/account/positions?instType=SWAP "HTTP/2 401 Unauthorized"
2026-03-13 19:59:32,405 [worker:engine] WARNING: Position sync failed: get_positions failed: {'msg': 'Request header OK-ACCESS-PASSPHRASE incorrect.', 'code': '50105'}
2026-03-13 19:59:32,803 [worker:httpx] INFO: HTTP Request: GET https://www.okx.com/api/v5/account/positions?instType=SWAP "HTTP/2 401 Unauthorized"
2026-03-13 19:59:32,804 [worker:engine] WARNING: Position sync failed: get_positions failed: {'msg': 'Request header OK-ACCESS-PASSPHRASE incorrect.', 'code': '50105'}
2026-03-13 19:59:33,200 [worker:httpx] INFO: HTTP Request: GET https://www.okx.com/api/v5/account/positions?instType=SWAP "HTTP/2 401 Unauthorized"
2026-03-13 19:59:33,201 [worker:engine] WARNING: Position sync failed: get_positions failed: {'msg': 'Request header OK-ACCESS-PASSPHRASE incorrect.', 'code': '50105'}
2026-03-13 19:59:33,823 [worker:httpx] INFO: HTTP Request: GET https://www.okx.com/api/v5/account/positions?instType=SWAP "HTTP/2 401 Unauthorized"
2026-03-13 19:59:33,824 [worker:engine] WARNING: Position sync failed: get_positions failed: {'msg': 'Request header OK-ACCESS-PASSPHRASE incorrect.', 'code': '50105'}
2026-03-13 19:59:34,463 [worker:httpx] INFO: HTTP Request: GET https://www.okx.com/api/v5/account/positions?instType=SWAP "HTTP/2 401 Unauthorized"
2026-03-13 19:59:34,464 [worker:engine] WARNING: Position sync failed: get_positions failed: {'msg': 'Request header OK-ACCESS-PASSPHRASE incorrect.', 'code': '50105'}
2026-03-13 19:59:34,857 [worker:httpx] INFO: HTTP Request: GET https://www.okx.com/api/v5/account/positions?instType=SWAP "HTTP/2 401 Unauthorized"
2026-03-13 19:59:34,857 [worker:engine] WARNING: Position sync failed: get_positions failed: {'msg': 'Request header OK-ACCESS-PASSPHRASE incorrect.', 'code': '50105'}
2026-03-13 19:59:35,261 [worker:httpx] INFO: HTTP Request: GET https://www.okx.com/api/v5/account/positions?instType=SWAP "HTTP/2 401 Unauthorized"
2026-03-13 19:59:35,262 [worker:engine] WARNING: Position sync failed: get_positions failed: {'msg': 'Request header OK-ACCESS-PASSPHRASE incorrect.', 'code': '50105'}
2026-03-13 19:59:35,659 [worker:httpx] INFO: HTTP Request: GET https://www.okx.com/api/v5/account/positions?instType=SWAP "HTTP/2 401 Unauthorized"
2026-03-13 19:59:35,659 [worker:engine] WARNING: Position sync failed: get_positions failed: {'msg': 'Request header OK-ACCESS-PASSPHRASE incorrect.', 'code': '50105'}
2026-03-13 19:59:36,053 [worker:httpx] INFO: HTTP Request: GET https://www.okx.com/api/v5/account/positions?instType=SWAP "HTTP/2 401 Unauthorized"
2026-03-13 19:59:36,054 [worker:engine] WARNING: Position sync failed: get_positions failed: {'msg': 'Request header OK-ACCESS-PASSPHRASE incorrect.', 'code': '50105'}
2026-03-13 19:59:36,700 [worker:httpx] INFO: HTTP Request: GET https://www.okx.com/api/v5/account/positions?instType=SWAP "HTTP/2 401 Unauthorized"
2026-03-13 19:59:36,700 [worker:engine] WARNING: Position sync failed: get_positions failed: {'msg': 'Request header OK-ACCESS-PASSPHRASE incorrect.', 'code': '50105'}
2026-03-13 19:59:37,097 [worker:httpx] INFO: HTTP Request: GET https://www.okx.com/api/v5/account/positions?instType=SWAP "HTTP/2 401 Unauthorized"
2026-03-13 19:59:37,098 [worker:engine] WARNING: Position sync failed: get_positions failed: {'msg': 'Request header OK-ACCESS-PASSPHRASE incorrect.', 'code': '50105'}
2026-03-13 19:59:37,481 [worker:httpx] INFO: HTTP Request: GET https://www.okx.com/api/v5/account/positions?instType=SWAP "HTTP/2 401 Unauthorized"
2026-03-13 19:59:37,482 [worker:engine] WARNING: Position sync failed: get_positions failed: {'msg': 'Request header OK-ACCESS-PASSPHRASE incorrect.', 'code': '50105'}
2026-03-13 19:59:37,861 [worker:httpx] INFO: HTTP Request: GET https://www.okx.com/api/v5/account/positions?instType=SWAP "HTTP/2 401 Unauthorized"
2026-03-13 19:59:37,862 [worker:engine] WARNING: Position sync failed: get_positions failed: {'msg': 'Request header OK-ACCESS-PASSPHRASE incorrect.', 'code': '50105'}
2026-03-13 19:59:38,275 [worker:httpx] INFO: HTTP Request: GET https://www.okx.com/api/v5/account/positions?instType=SWAP "HTTP/2 401 Unauthorized"
2026-03-13 19:59:38,276 [worker:engine] WARNING: Position sync failed: get_positions failed: {'msg': 'Request header OK-ACCESS-PASSPHRASE incorrect.', 'code': '50105'}
2026-03-13 19:59:39,043 [worker:httpx] INFO: HTTP Request: GET https://www.okx.com/api/v5/account/positions?instType=SWAP "HTTP/2 401 Unauthorized"
2026-03-13 19:59:39,045 [worker:engine] WARNING: Position sync failed: get_positions failed: {'msg': 'Request header OK-ACCESS-PASSPHRASE incorrect.', 'code': '50105'}
2026-03-13 19:59:39,469 [worker:httpx] INFO: HTTP Request: GET https://www.okx.com/api/v5/account/positions?instType=SWAP "HTTP/2 401 Unauthorized"
2026-03-13 19:59:39,472 [worker:engine] WARNING: Position sync failed: get_positions failed: {'msg': 'Request header OK-ACCESS-PASSPHRASE incorrect.', 'code': '50105'}
2026-03-13 19:59:40,175 [worker:httpx] INFO: HTTP Request: GET https://www.okx.com/api/v5/account/positions?instType=SWAP "HTTP/2 401 Unauthorized"
2026-03-13 19:59:40,182 [worker:engine] WARNING: Position sync failed: get_positions failed: {'msg': 'Request header OK-ACCESS-PASSPHRASE incorrect.', 'code': '50105'}
2026-03-13 19:59:43,644 [worker:httpx] INFO: HTTP Request: GET https://www.okx.com/api/v5/account/positions?instType=SWAP "HTTP/2 401 Unauthorized"
2026-03-13 19:59:43,645 [worker:engine] WARNING: Position sync failed: get_positions failed: {'msg': 'Request header OK-ACCESS-PASSPHRASE incorrect.', 'code': '50105'}
2026-03-13 19:59:44,531 [worker:httpx] INFO: HTTP Request: GET https://www.okx.com/api/v5/account/positions?instType=SWAP "HTTP/2 401 Unauthorized"
2026-03-13 19:59:44,531 [worker:engine] WARNING: Position sync failed: get_positions failed: {'msg': 'Request header OK-ACCESS-PASSPHRASE incorrect.', 'code': '50105'}
2026-03-13 19:59:44,908 [worker:httpx] INFO: HTTP Request: GET https://www.okx.com/api/v5/account/positions?instType=SWAP "HTTP/2 401 Unauthorized"
2026-03-13 19:59:44,908 [worker:engine] WARNING: Position sync failed: get_positions failed: {'msg': 'Request header OK-ACCESS-PASSPHRASE incorrect.', 'code': '50105'}
2026-03-13 19:59:45,303 [worker:httpx] INFO: HTTP Request: GET https://www.okx.com/api/v5/account/positions?instType=SWAP "HTTP/2 401 Unauthorized"
2026-03-13 19:59:45,304 [worker:engine] WARNING: Position sync failed: get_positions failed: {'msg': 'Request header OK-ACCESS-PASSPHRASE incorrect.', 'code': '50105'}
2026-03-13 19:59:45,701 [worker:httpx] INFO: HTTP Request: GET https://www.okx.com/api/v5/account/positions?instType=SWAP "HTTP/2 401 Unauthorized"
2026-03-13 19:59:45,702 [worker:engine] WARNING: Position sync failed: get_positions failed: {'msg': 'Request header OK-ACCESS-PASSPHRASE incorrect.', 'code': '50105'}
2026-03-13 19:59:46,293 [worker:httpx] INFO: HTTP Request: GET https://www.okx.com/api/v5/account/positions?instType=SWAP "HTTP/2 401 Unauthorized"
2026-03-13 19:59:46,293 [worker:engine] WARNING: Position sync failed: get_positions failed: {'msg': 'Request header OK-ACCESS-PASSPHRASE incorrect.', 'code': '50105'}
2026-03-13 19:59:46,703 [worker:httpx] INFO: HTTP Request: GET https://www.okx.com/api/v5/account/positions?instType=SWAP "HTTP/2 401 Unauthorized"
2026-03-13 19:59:46,704 [worker:engine] WARNING: Position sync failed: get_positions failed: {'msg': 'Request header OK-ACCESS-PASSPHRASE incorrect.', 'code': '50105'}
2026-03-13 19:59:47,107 [worker:httpx] INFO: HTTP Request: GET https://www.okx.com/api/v5/account/positions?instType=SWAP "HTTP/2 401 Unauthorized"
2026-03-13 19:59:47,108 [worker:engine] WARNING: Position sync failed: get_positions failed: {'msg': 'Request header OK-ACCESS-PASSPHRASE incorrect.', 'code': '50105'}
2026-03-13 19:59:47,541 [worker:httpx] INFO: HTTP Request: GET https://www.okx.com/api/v5/account/positions?instType=SWAP "HTTP/2 401 Unauthorized"
2026-03-13 19:59:47,593 [worker:engine] WARNING: Position sync failed: get_positions failed: {'msg': 'Request header OK-ACCESS-PASSPHRASE incorrect.', 'code': '50105'}
2026-03-13 19:59:48,024 [worker:httpx] INFO: HTTP Request: GET https://www.okx.com/api/v5/account/positions?instType=SWAP "HTTP/2 401 Unauthorized"
2026-03-13 19:59:48,025 [worker:engine] WARNING: Position sync failed: get_positions failed: {'msg': 'Request header OK-ACCESS-PASSPHRASE incorrect.', 'code': '50105'}
2026-03-13 19:59:48,667 [worker:httpx] INFO: HTTP Request: GET https://www.okx.com/api/v5/account/positions?instType=SWAP "HTTP/2 401 Unauthorized"
2026-03-13 19:59:48,670 [worker:engine] WARNING: Position sync failed: get_positions failed: {'msg': 'Request header OK-ACCESS-PASSPHRASE incorrect.', 'code': '50105'}
2026-03-13 19:59:49,251 [worker:httpx] INFO: HTTP Request: GET https://www.okx.com/api/v5/account/positions?instType=SWAP "HTTP/2 401 Unauthorized"
2026-03-13 19:59:49,252 [worker:engine] WARNING: Position sync failed: get_positions failed: {'msg': 'Request header OK-ACCESS-PASSPHRASE incorrect.', 'code': '50105'}
2026-03-13 19:59:49,620 [worker:httpx] INFO: HTTP Request: GET https://www.okx.com/api/v5/account/positions?instType=SWAP "HTTP/2 401 Unauthorized"
2026-03-13 19:59:49,620 [worker:engine] WARNING: Position sync failed: get_positions failed: {'msg': 'Request header OK-ACCESS-PASSPHRASE incorrect.', 'code': '50105'}
2026-03-13 19:59:49,999 [worker:httpx] INFO: HTTP Request: GET https://www.okx.com/api/v5/account/positions?instType=SWAP "HTTP/2 401 Unauthorized"
2026-03-13 19:59:49,999 [worker:engine] WARNING: Position sync failed: get_positions failed: {'msg': 'Request header OK-ACCESS-PASSPHRASE incorrect.', 'code': '50105'}
2026-03-13 19:59:50,395 [worker:httpx] INFO: HTTP Request: GET https://www.okx.com/api/v5/account/positions?instType=SWAP "HTTP/2 401 Unauthorized"
2026-03-13 19:59:50,396 [worker:engine] WARNING: Position sync failed: get_positions failed: {'msg': 'Request header OK-ACCESS-PASSPHRASE incorrect.', 'code': '50105'}
2026-03-13 19:59:51,038 [worker:httpx] INFO: HTTP Request: GET https://www.okx.com/api/v5/account/positions?instType=SWAP "HTTP/2 401 Unauthorized"
2026-03-13 19:59:51,038 [worker:engine] WARNING: Position sync failed: get_positions failed: {'msg': 'Request header OK-ACCESS-PASSPHRASE incorrect.', 'code': '50105'}
2026-03-13 19:59:51,442 [worker:httpx] INFO: HTTP Request: GET https://www.okx.com/api/v5/account/positions?instType=SWAP "HTTP/2 401 Unauthorized"
2026-03-13 19:59:51,443 [worker:engine] WARNING: Position sync failed: get_positions failed: {'msg': 'Request header OK-ACCESS-PASSPHRASE incorrect.', 'code': '50105'}
2026-03-13 19:59:51,842 [worker:httpx] INFO: HTTP Request: GET https://www.okx.com/api/v5/account/positions?instType=SWAP "HTTP/2 401 Unauthorized"
2026-03-13 19:59:51,842 [worker:engine] WARNING: Position sync failed: get_positions failed: {'msg': 'Request header OK-ACCESS-PASSPHRASE incorrect.', 'code': '50105'}
2026-03-13 19:59:52,230 [worker:httpx] INFO: HTTP Request: GET https://www.okx.com/api/v5/account/positions?instType=SWAP "HTTP/2 401 Unauthorized"
2026-03-13 19:59:52,231 [worker:engine] WARNING: Position sync failed: get_positions failed: {'msg': 'Request header OK-ACCESS-PASSPHRASE incorrect.', 'code': '50105'}
2026-03-13 19:59:52,621 [worker:httpx] INFO: HTTP Request: GET https://www.okx.com/api/v5/account/positions?instType=SWAP "HTTP/2 401 Unauthorized"
2026-03-13 19:59:52,622 [worker:engine] WARNING: Position sync failed: get_positions failed: {'msg': 'Request header OK-ACCESS-PASSPHRASE incorrect.', 'code': '50105'}
2026-03-13 19:59:53,223 [worker:httpx] INFO: HTTP Request: GET https://www.okx.com/api/v5/account/positions?instType=SWAP "HTTP/2 401 Unauthorized"
2026-03-13 19:59:53,253 [worker:engine] WARNING: Position sync failed: get_positions failed: {'msg': 'Request header OK-ACCESS-PASSPHRASE incorrect.', 'code': '50105'}
2026-03-13 19:59:53,660 [worker:httpx] INFO: HTTP Request: GET https://www.okx.com/api/v5/account/positions?instType=SWAP "HTTP/2 401 Unauthorized"
2026-03-13 19:59:53,661 [worker:engine] WARNING: Position sync failed: get_positions failed: {'msg': 'Request header OK-ACCESS-PASSPHRASE incorrect.', 'code': '50105'}
2026-03-13 19:59:53,919 [worker:httpx] INFO: HTTP Request: GET https://www.okx.com/api/v5/account/positions?instType=SWAP "HTTP/2 401 Unauthorized"
2026-03-13 19:59:53,920 [worker:engine] WARNING: Position sync failed: get_positions failed: {'msg': 'Request header OK-ACCESS-PASSPHRASE incorrect.', 'code': '50105'}
2026-03-13 19:59:55,495 [worker:httpx] INFO: HTTP Request: GET https://www.okx.com/api/v5/account/positions?instType=SWAP "HTTP/2 401 Unauthorized"
2026-03-13 19:59:55,496 [worker:engine] WARNING: Position sync failed: get_positions failed: {'msg': 'Request header OK-ACCESS-PASSPHRASE incorrect.', 'code': '50105'}
2026-03-13 19:59:56,120 [worker:httpx] INFO: HTTP Request: GET https://www.okx.com/api/v5/account/positions?instType=SWAP "HTTP/2 401 Unauthorized"
2026-03-13 19:59:56,120 [worker:engine] WARNING: Position sync failed: get_positions failed: {'msg': 'Request header OK-ACCESS-PASSPHRASE incorrect.', 'code': '50105'}
2026-03-13 19:59:56,520 [worker:httpx] INFO: HTTP Request: GET https://www.okx.com/api/v5/account/positions?instType=SWAP "HTTP/2 401 Unauthorized"
2026-03-13 19:59:56,521 [worker:engine] WARNING: Position sync failed: get_positions failed: {'msg': 'Request header OK-ACCESS-PASSPHRASE incorrect.', 'code': '50105'}
2026-03-13 19:59:56,919 [worker:httpx] INFO: HTTP Request: GET https://www.okx.com/api/v5/account/positions?instType=SWAP "HTTP/2 401 Unauthorized"
2026-03-13 19:59:56,919 [worker:engine] WARNING: Position sync failed: get_positions failed: {'msg': 'Request header OK-ACCESS-PASSPHRASE incorrect.', 'code': '50105'}
2026-03-13 19:59:57,281 [worker:httpx] INFO: HTTP Request: GET https://www.okx.com/api/v5/account/positions?instType=SWAP "HTTP/2 401 Unauthorized"
2026-03-13 19:59:57,282 [worker:engine] WARNING: Position sync failed: get_positions failed: {'msg': 'Request header OK-ACCESS-PASSPHRASE incorrect.', 'code': '50105'}
2026-03-13 19:59:57,680 [worker:httpx] INFO: HTTP Request: GET https://www.okx.com/api/v5/account/positions?instType=SWAP "HTTP/2 401 Unauthorized"
2026-03-13 19:59:57,681 [worker:engine] WARNING: Position sync failed: get_positions failed: {'msg': 'Request header OK-ACCESS-PASSPHRASE incorrect.', 'code': '50105'}
2026-03-13 19:59:58,181 [worker:httpx] INFO: HTTP Request: GET https://www.okx.com/api/v5/account/positions?instType=SWAP "HTTP/2 401 Unauthorized"
2026-03-13 19:59:58,196 [worker:engine] WARNING: Position sync failed: get_positions failed: {'msg': 'Request header OK-ACCESS-PASSPHRASE incorrect.', 'code': '50105'}
2026-03-13 19:59:58,605 [worker:httpx] INFO: HTTP Request: GET https://www.okx.com/api/v5/account/positions?instType=SWAP "HTTP/2 401 Unauthorized"
2026-03-13 19:59:58,606 [worker:engine] WARNING: Position sync failed: get_positions failed: {'msg': 'Request header OK-ACCESS-PASSPHRASE incorrect.', 'code': '50105'}
2026-03-13 19:59:58,882 [worker:httpx] INFO: HTTP Request: GET https://www.okx.com/api/v5/account/positions?instType=SWAP "HTTP/2 401 Unauthorized"
2026-03-13 19:59:58,883 [worker:engine] WARNING: Position sync failed: get_positions failed: {'msg': 'Request header OK-ACCESS-PASSPHRASE incorrect.', 'code': '50105'}
2026-03-13 19:59:59,281 [worker:httpx] INFO: HTTP Request: GET https://www.okx.com/api/v5/account/positions?instType=SWAP "HTTP/2 401 Unauthorized"
2026-03-13 19:59:59,282 [worker:engine] WARNING: Position sync failed: get_positions failed: {'msg': 'Request header OK-ACCESS-PASSPHRASE incorrect.', 'code': '50105'}
2026-03-13 19:59:59,795 [worker:httpx] INFO: HTTP Request: GET https://www.okx.com/api/v5/account/positions?instType=SWAP "HTTP/2 401 Unauthorized"
2026-03-13 19:59:59,796 [worker:engine] WARNING: Position sync failed: get_positions failed: {'msg': 'Request header OK-ACCESS-PASSPHRASE incorrect.', 'code': '50105'}
2026-03-13 20:00:00,322 [worker:httpx] INFO: HTTP Request: GET https://www.okx.com/api/v5/account/positions?instType=SWAP "HTTP/2 401 Unauthorized"
2026-03-13 20:00:00,323 [worker:engine] WARNING: Position sync failed: get_positions failed: {'msg': 'Request header OK-ACCESS-PASSPHRASE incorrect.', 'code': '50105'}
2026-03-13 20:00:00,721 [worker:httpx] INFO: HTTP Request: GET https://www.okx.com/api/v5/account/positions?instType=SWAP "HTTP/2 401 Unauthorized"
2026-03-13 20:00:00,722 [worker:engine] WARNING: Position sync failed: get_positions failed: {'msg': 'Request header OK-ACCESS-PASSPHRASE incorrect.', 'code': '50105'}
2026-03-13 20:00:01,114 [worker:httpx] INFO: HTTP Request: GET https://www.okx.com/api/v5/account/positions?instType=SWAP "HTTP/2 401 Unauthorized"
2026-03-13 20:00:01,115 [worker:engine] WARNING: Position sync failed: get_positions failed: {'msg': 'Request header OK-ACCESS-PASSPHRASE incorrect.', 'code': '50105'}
2026-03-13 20:00:01,502 [worker:httpx] INFO: HTTP Request: GET https://www.okx.com/api/v5/account/positions?instType=SWAP "HTTP/2 401 Unauthorized"
2026-03-13 20:00:01,505 [worker:engine] WARNING: Position sync failed: get_positions failed: {'msg': 'Request header OK-ACCESS-PASSPHRASE incorrect.', 'code': '50105'}
2026-03-13 20:00:01,900 [worker:httpx] INFO: HTTP Request: GET https://www.okx.com/api/v5/account/positions?instType=SWAP "HTTP/2 401 Unauthorized"
2026-03-13 20:00:01,901 [worker:engine] WARNING: Position sync failed: get_positions failed: {'msg': 'Request header OK-ACCESS-PASSPHRASE incorrect.', 'code': '50105'}
2026-03-13 20:00:02,571 [worker:httpx] INFO: HTTP Request: GET https://www.okx.com/api/v5/account/positions?instType=SWAP "HTTP/2 401 Unauthorized"
2026-03-13 20:00:02,572 [worker:engine] WARNING: Position sync failed: get_positions failed: {'msg': 'Request header OK-ACCESS-PASSPHRASE incorrect.', 'code': '50105'}
2026-03-13 20:00:02,961 [worker:httpx] INFO: HTTP Request: GET https://www.okx.com/api/v5/account/positions?instType=SWAP "HTTP/2 401 Unauthorized"
2026-03-13 20:00:02,962 [worker:engine] WARNING: Position sync failed: get_positions failed: {'msg': 'Request header OK-ACCESS-PASSPHRASE incorrect.', 'code': '50105'}
2026-03-13 20:00:03,361 [worker:httpx] INFO: HTTP Request: GET https://www.okx.com/api/v5/account/positions?instType=SWAP "HTTP/2 401 Unauthorized"
2026-03-13 20:00:03,361 [worker:engine] WARNING: Position sync failed: get_positions failed: {'msg': 'Request header OK-ACCESS-PASSPHRASE incorrect.', 'code': '50105'}
2026-03-13 20:00:03,741 [worker:httpx] INFO: HTTP Request: GET https://www.okx.com/api/v5/account/positions?instType=SWAP "HTTP/2 401 Unauthorized"
2026-03-13 20:00:03,741 [worker:engine] WARNING: Position sync failed: get_positions failed: {'msg': 'Request header OK-ACCESS-PASSPHRASE incorrect.', 'code': '50105'}
2026-03-13 20:00:04,161 [worker:httpx] INFO: HTTP Request: GET https://www.okx.com/api/v5/account/positions?instType=SWAP "HTTP/2 401 Unauthorized"
2026-03-13 20:00:04,162 [worker:engine] WARNING: Position sync failed: get_positions failed: {'msg': 'Request header OK-ACCESS-PASSPHRASE incorrect.', 'code': '50105'}
2026-03-13 20:00:04,800 [worker:httpx] INFO: HTTP Request: GET https://www.okx.com/api/v5/account/positions?instType=SWAP "HTTP/2 401 Unauthorized"
2026-03-13 20:00:04,801 [worker:engine] WARNING: Position sync failed: get_positions failed: {'msg': 'Request header OK-ACCESS-PASSPHRASE incorrect.', 'code': '50105'}
2026-03-13 20:00:05,422 [worker:httpx] INFO: HTTP Request: GET https://www.okx.com/api/v5/account/positions?instType=SWAP "HTTP/2 401 Unauthorized"
2026-03-13 20:00:05,423 [worker:engine] WARNING: Position sync failed: get_positions failed: {'msg': 'Request header OK-ACCESS-PASSPHRASE incorrect.', 'code': '50105'}
2026-03-13 20:00:05,823 [worker:httpx] INFO: HTTP Request: GET https://www.okx.com/api/v5/account/positions?instType=SWAP "HTTP/2 401 Unauthorized"
2026-03-13 20:00:05,824 [worker:engine] WARNING: Position sync failed: get_positions failed: {'msg': 'Request header OK-ACCESS-PASSPHRASE incorrect.', 'code': '50105'}
2026-03-13 20:00:06,253 [worker:httpx] INFO: HTTP Request: GET https://www.okx.com/api/v5/account/positions?instType=SWAP "HTTP/2 401 Unauthorized"
2026-03-13 20:00:06,253 [worker:engine] WARNING: Position sync failed: get_positions failed: {'msg': 'Request header OK-ACCESS-PASSPHRASE incorrect.', 'code': '50105'}
2026-03-13 20:00:06,881 [worker:httpx] INFO: HTTP Request: GET https://www.okx.com/api/v5/account/positions?instType=SWAP "HTTP/2 401 Unauthorized"
2026-03-13 20:00:06,881 [worker:engine] WARNING: Position sync failed: get_positions failed: {'msg': 'Request header OK-ACCESS-PASSPHRASE incorrect.', 'code': '50105'}
2026-03-13 20:00:07,158 [worker:httpx] INFO: HTTP Request: GET https://www.okx.com/api/v5/account/positions?instType=SWAP "HTTP/2 401 Unauthorized"
2026-03-13 20:00:07,158 [worker:engine] WARNING: Position sync failed: get_positions failed: {'msg': 'Request header OK-ACCESS-PASSPHRASE incorrect.', 'code': '50105'}
2026-03-13 20:00:07,564 [worker:httpx] INFO: HTTP Request: GET https://www.okx.com/api/v5/account/positions?instType=SWAP "HTTP/2 401 Unauthorized"
2026-03-13 20:00:07,565 [worker:engine] WARNING: Position sync failed: get_positions failed: {'msg': 'Request header OK-ACCESS-PASSPHRASE incorrect.', 'code': '50105'}
2026-03-13 20:00:07,962 [worker:httpx] INFO: HTTP Request: GET https://www.okx.com/api/v5/account/positions?instType=SWAP "HTTP/2 401 Unauthorized"
2026-03-13 20:00:07,963 [worker:engine] WARNING: Position sync failed: get_positions failed: {'msg': 'Request header OK-ACCESS-PASSPHRASE incorrect.', 'code': '50105'}
2026-03-13 20:00:08,390 [worker:httpx] INFO: HTTP Request: GET https://www.okx.com/api/v5/account/positions?instType=SWAP "HTTP/2 401 Unauthorized"
2026-03-13 20:00:08,391 [worker:engine] WARNING: Position sync failed: get_positions failed: {'msg': 'Request header OK-ACCESS-PASSPHRASE incorrect.', 'code': '50105'}
2026-03-13 20:00:09,020 [worker:httpx] INFO: HTTP Request: GET https://www.okx.com/api/v5/account/positions?instType=SWAP "HTTP/2 401 Unauthorized"
2026-03-13 20:00:09,021 [worker:engine] WARNING: Position sync failed: get_positions failed: {'msg': 'Request header OK-ACCESS-PASSPHRASE incorrect.', 'code': '50105'}
2026-03-13 20:00:09,422 [worker:httpx] INFO: HTTP Request: GET https://www.okx.com/api/v5/account/positions?instType=SWAP "HTTP/2 401 Unauthorized"
2026-03-13 20:00:09,423 [worker:engine] WARNING: Position sync failed: get_positions failed: {'msg': 'Request header OK-ACCESS-PASSPHRASE incorrect.', 'code': '50105'}
2026-03-13 20:00:09,820 [worker:httpx] INFO: HTTP Request: GET https://www.okx.com/api/v5/account/positions?instType=SWAP "HTTP/2 401 Unauthorized"
2026-03-13 20:00:09,821 [worker:engine] WARNING: Position sync failed: get_positions failed: {'msg': 'Request header OK-ACCESS-PASSPHRASE incorrect.', 'code': '50105'}
2026-03-13 20:00:10,491 [worker:httpx] INFO: HTTP Request: GET https://www.okx.com/api/v5/account/positions?instType=SWAP "HTTP/2 401 Unauthorized"
2026-03-13 20:00:10,492 [worker:engine] WARNING: Position sync failed: get_positions failed: {'msg': 'Request header OK-ACCESS-PASSPHRASE incorrect.', 'code': '50105'}
2026-03-13 20:00:11,144 [worker:httpx] INFO: HTTP Request: GET https://www.okx.com/api/v5/account/positions?instType=SWAP "HTTP/2 401 Unauthorized"
2026-03-13 20:00:11,145 [worker:engine] WARNING: Position sync failed: get_positions failed: {'msg': 'Request header OK-ACCESS-PASSPHRASE incorrect.', 'code': '50105'}
2026-03-13 20:00:11,541 [worker:httpx] INFO: HTTP Request: GET https://www.okx.com/api/v5/account/positions?instType=SWAP "HTTP/2 401 Unauthorized"
2026-03-13 20:00:11,541 [worker:engine] WARNING: Position sync failed: get_positions failed: {'msg': 'Request header OK-ACCESS-PASSPHRASE incorrect.', 'code': '50105'}
2026-03-13 20:00:11,941 [worker:httpx] INFO: HTTP Request: GET https://www.okx.com/api/v5/account/positions?instType=SWAP "HTTP/2 401 Unauthorized"
2026-03-13 20:00:11,942 [worker:engine] WARNING: Position sync failed: get_positions failed: {'msg': 'Request header OK-ACCESS-PASSPHRASE incorrect.', 'code': '50105'}
2026-03-13 20:00:12,342 [worker:httpx] INFO: HTTP Request: GET https://www.okx.com/api/v5/account/positions?instType=SWAP "HTTP/2 401 Unauthorized"
2026-03-13 20:00:12,342 [worker:engine] WARNING: Position sync failed: get_positions failed: {'msg': 'Request header OK-ACCESS-PASSPHRASE incorrect.', 'code': '50105'}
2026-03-13 20:00:12,742 [worker:httpx] INFO: HTTP Request: GET https://www.okx.com/api/v5/account/positions?instType=SWAP "HTTP/2 401 Unauthorized"
2026-03-13 20:00:12,742 [worker:engine] WARNING: Position sync failed: get_positions failed: {'msg': 'Request header OK-ACCESS-PASSPHRASE incorrect.', 'code': '50105'}
2026-03-13 20:00:13,360 [worker:httpx] INFO: HTTP Request: GET https://www.okx.com/api/v5/account/positions?instType=SWAP "HTTP/2 401 Unauthorized"
2026-03-13 20:00:13,361 [worker:engine] WARNING: Position sync failed: get_positions failed: {'msg': 'Request header OK-ACCESS-PASSPHRASE incorrect.', 'code': '50105'}
2026-03-13 20:00:13,693 [worker:httpx] INFO: HTTP Request: GET https://www.okx.com/api/v5/account/positions?instType=SWAP "HTTP/2 401 Unauthorized"
2026-03-13 20:00:13,694 [worker:engine] WARNING: Position sync failed: get_positions failed: {'msg': 'Request header OK-ACCESS-PASSPHRASE incorrect.', 'code': '50105'}
2026-03-13 20:00:14,136 [worker:httpx] INFO: HTTP Request: GET https://www.okx.com/api/v5/account/positions?instType=SWAP "HTTP/2 401 Unauthorized"
2026-03-13 20:00:14,138 [worker:engine] WARNING: Position sync failed: get_positions failed: {'msg': 'Request header OK-ACCESS-PASSPHRASE incorrect.', 'code': '50105'}
2026-03-13 20:00:14,544 [worker:httpx] INFO: HTTP Request: GET https://www.okx.com/api/v5/account/positions?instType=SWAP "HTTP/2 401 Unauthorized"
2026-03-13 20:00:14,550 [worker:engine] WARNING: Position sync failed: get_positions failed: {'msg': 'Request header OK-ACCESS-PASSPHRASE incorrect.', 'code': '50105'}
2026-03-13 20:00:14,967 [worker:httpx] INFO: HTTP Request: GET https://www.okx.com/api/v5/account/positions?instType=SWAP "HTTP/2 401 Unauthorized"
2026-03-13 20:00:14,968 [worker:engine] WARNING: Position sync failed: get_positions failed: {'msg': 'Request header OK-ACCESS-PASSPHRASE incorrect.', 'code': '50105'}
2026-03-13 20:00:15,789 [worker:httpx] INFO: HTTP Request: GET https://www.okx.com/api/v5/account/positions?instType=SWAP "HTTP/2 401 Unauthorized"
2026-03-13 20:00:15,791 [worker:engine] WARNING: Position sync failed: get_positions failed: {'msg': 'Request header OK-ACCESS-PASSPHRASE incorrect.', 'code': '50105'}
2026-03-13 20:00:16,162 [worker:httpx] INFO: HTTP Request: GET https://www.okx.com/api/v5/account/positions?instType=SWAP "HTTP/2 401 Unauthorized"
2026-03-13 20:00:16,162 [worker:engine] WARNING: Position sync failed: get_positions failed: {'msg': 'Request header OK-ACCESS-PASSPHRASE incorrect.', 'code': '50105'}
2026-03-13 20:00:16,540 [worker:httpx] INFO: HTTP Request: GET https://www.okx.com/api/v5/account/positions?instType=SWAP "HTTP/2 401 Unauthorized"
2026-03-13 20:00:16,541 [worker:engine] WARNING: Position sync failed: get_positions failed: {'msg': 'Request header OK-ACCESS-PASSPHRASE incorrect.', 'code': '50105'}
2026-03-13 20:00:16,541 [worker:position] INFO: CLOSE (take_profit): spread=-0.2588 pnl=1.7617%
2026-03-13 20:00:16,952 [worker:httpx] INFO: HTTP Request: GET https://www.okx.com/api/v5/account/positions?instType=SWAP "HTTP/2 401 Unauthorized"
2026-03-13 20:00:16,953 [worker:position] ERROR: Failed to execute close orders
Traceback (most recent call last):
  File "/Users/nickly/Desktop/robot/bot_manager/trading/position.py", line 313, in _close_position
    self._execute_close()
    ~~~~~~~~~~~~~~~~~~~^^
  File "/Users/nickly/Desktop/robot/bot_manager/trading/position.py", line 481, in _execute_close
    f"Batch entry: {ok_count}/{len(orders)} OK" + (f", {len(failed)} failed" if failed else ""),
        ^^^^^^^^^^^^^^^^^^^^^^^^
  File "/Users/nickly/Desktop/robot/bot_manager/trading/okx_client.py", line 119, in get_positions
    raise RuntimeError(f"get_positions failed: {r}")
RuntimeError: get_positions failed: {'msg': 'Request header OK-ACCESS-PASSPHRASE incorrect.', 'code': '50105'}
2026-03-13 20:00:19,522 [worker:httpx] INFO: HTTP Request: GET https://www.okx.com/api/v5/trade/fills-history?instType=SWAP&limit=100 "HTTP/2 401 Unauthorized"
2026-03-13 20:00:19,522 [worker:okx_client] WARNING: get_recent_close_pnl: failed to fetch fills: OKX API error: code=50105, msg=Request header OK-ACCESS-PASSPHRASE incorrect.
2026-03-13 20:00:19,523 [worker:engine] WARNING: Could not fetch real PnL from OKX — using spread-based (1.7617%). DB record may be inaccurate.
2026-03-13 20:00:19,923 [worker:httpx] INFO: HTTP Request: GET https://www.okx.com/api/v5/account/balance "HTTP/2 401 Unauthorized"
2026-03-13 20:00:20,281 [worker:spread] INFO: Reference prices refreshed from current quotes
2026-03-13 20:00:20,392 [worker:engine] INFO: Entry blocked for 10s after take_profit
2026-03-13 20:00:37,837 [worker:httpx] INFO: HTTP Request: GET https://www.okx.com/api/v5/account/balance "HTTP/2 401 Unauthorized"
2026-03-13 20:01:38,579 [worker:httpx] INFO: HTTP Request: GET https://www.okx.com/api/v5/account/balance "HTTP/2 401 Unauthorized"
2026-03-13 20:02:13,535 [worker:position] INFO: ENTRY: spread=-2.0296 long=basket1 short=basket2
2026-03-13 20:02:14,014 [worker:httpx] INFO: HTTP Request: GET https://www.okx.com/api/v5/account/balance "HTTP/2 401 Unauthorized"
2026-03-13 20:02:14,015 [worker:position] ERROR: Failed to execute entry orders — position tracked logically
Traceback (most recent call last):
  File "/Users/nickly/Desktop/robot/bot_manager/trading/position.py", line 281, in _open_position
    self._execute_entry(long_basket, short_basket)
    ~~~~~~~~~~~~~~~~~~~^^^^^^^^^^^^^^^^^^^^^^^^^^^
  File "/Users/nickly/Desktop/robot/bot_manager/trading/position.py", line 358, in _execute_entry
    balance = self.okx.get_balance()
  File "/Users/nickly/Desktop/robot/bot_manager/trading/okx_client.py", line 100, in get_balance
    raise RuntimeError(f"get_balance failed: {r}")
RuntimeError: get_balance failed: {'msg': 'Request header OK-ACCESS-PASSPHRASE incorrect.', 'code': '50105'}
2026-03-13 20:02:14,514 [worker:httpx] INFO: HTTP Request: GET https://www.okx.com/api/v5/account/positions?instType=SWAP "HTTP/2 401 Unauthorized"
2026-03-13 20:02:14,514 [worker:engine] WARNING: Position sync failed: get_positions failed: {'msg': 'Request header OK-ACCESS-PASSPHRASE incorrect.', 'code': '50105'}
2026-03-13 20:02:15,109 [worker:httpx] INFO: HTTP Request: GET https://www.okx.com/api/v5/account/positions?instType=SWAP "HTTP/2 401 Unauthorized"
2026-03-13 20:02:15,110 [worker:engine] WARNING: Position sync failed: get_positions failed: {'msg': 'Request header OK-ACCESS-PASSPHRASE incorrect.', 'code': '50105'}
2026-03-13 20:02:15,494 [worker:httpx] INFO: HTTP Request: GET https://www.okx.com/api/v5/account/positions?instType=SWAP "HTTP/2 401 Unauthorized"
2026-03-13 20:02:15,495 [worker:engine] WARNING: Position sync failed: get_positions failed: {'msg': 'Request header OK-ACCESS-PASSPHRASE incorrect.', 'code': '50105'}
2026-03-13 20:02:15,875 [worker:httpx] INFO: HTTP Request: GET https://www.okx.com/api/v5/account/positions?instType=SWAP "HTTP/2 401 Unauthorized"
2026-03-13 20:02:15,875 [worker:engine] WARNING: Position sync failed: get_positions failed: {'msg': 'Request header OK-ACCESS-PASSPHRASE incorrect.', 'code': '50105'}
2026-03-13 20:02:16,273 [worker:httpx] INFO: HTTP Request: GET https://www.okx.com/api/v5/account/positions?instType=SWAP "HTTP/2 401 Unauthorized"
2026-03-13 20:02:16,274 [worker:engine] WARNING: Position sync failed: get_positions failed: {'msg': 'Request header OK-ACCESS-PASSPHRASE incorrect.', 'code': '50105'}
2026-03-13 20:02:16,653 [worker:httpx] INFO: HTTP Request: GET https://www.okx.com/api/v5/account/positions?instType=SWAP "HTTP/2 401 Unauthorized"
2026-03-13 20:02:16,654 [worker:engine] WARNING: Position sync failed: get_positions failed: {'msg': 'Request header OK-ACCESS-PASSPHRASE incorrect.', 'code': '50105'}
2026-03-13 20:02:17,250 [worker:httpx] INFO: HTTP Request: GET https://www.okx.com/api/v5/account/positions?instType=SWAP "HTTP/2 401 Unauthorized"
2026-03-13 20:02:17,251 [worker:engine] WARNING: Position sync failed: get_positions failed: {'msg': 'Request header OK-ACCESS-PASSPHRASE incorrect.', 'code': '50105'}
2026-03-13 20:02:17,904 [worker:httpx] INFO: HTTP Request: GET https://www.okx.com/api/v5/account/positions?instType=SWAP "HTTP/2 401 Unauthorized"
2026-03-13 20:02:17,905 [worker:engine] WARNING: Position sync failed: get_positions failed: {'msg': 'Request header OK-ACCESS-PASSPHRASE incorrect.', 'code': '50105'}
2026-03-13 20:02:18,356 [worker:httpx] INFO: HTTP Request: GET https://www.okx.com/api/v5/account/positions?instType=SWAP "HTTP/2 401 Unauthorized"
2026-03-13 20:02:18,357 [worker:engine] WARNING: Position sync failed: get_positions failed: {'msg': 'Request header OK-ACCESS-PASSPHRASE incorrect.', 'code': '50105'}
2026-03-13 20:02:18,902 [worker:httpx] INFO: HTTP Request: GET https://www.okx.com/api/v5/account/positions?instType=SWAP "HTTP/2 401 Unauthorized"
2026-03-13 20:02:18,903 [worker:engine] WARNING: Position sync failed: get_positions failed: {'msg': 'Request header OK-ACCESS-PASSPHRASE incorrect.', 'code': '50105'}
2026-03-13 20:02:19,487 [worker:httpx] INFO: HTTP Request: GET https://www.okx.com/api/v5/account/positions?instType=SWAP "HTTP/2 401 Unauthorized"
2026-03-13 20:02:19,502 [worker:engine] WARNING: Position sync failed: get_positions failed: {'msg': 'Request header OK-ACCESS-PASSPHRASE incorrect.', 'code': '50105'}
2026-03-13 20:02:19,894 [worker:httpx] INFO: HTTP Request: GET https://www.okx.com/api/v5/account/positions?instType=SWAP "HTTP/2 401 Unauthorized"
2026-03-13 20:02:19,895 [worker:engine] WARNING: Position sync failed: get_positions failed: {'msg': 'Request header OK-ACCESS-PASSPHRASE incorrect.', 'code': '50105'}
2026-03-13 20:02:20,511 [worker:httpx] INFO: HTTP Request: GET https://www.okx.com/api/v5/account/positions?instType=SWAP "HTTP/2 401 Unauthorized"
2026-03-13 20:02:20,514 [worker:engine] WARNING: Position sync failed: get_positions failed: {'msg': 'Request header OK-ACCESS-PASSPHRASE incorrect.', 'code': '50105'}
2026-03-13 20:02:20,903 [worker:httpx] INFO: HTTP Request: GET https://www.okx.com/api/v5/account/positions?instType=SWAP "HTTP/2 401 Unauthorized"
2026-03-13 20:02:20,903 [worker:engine] WARNING: Position sync failed: get_positions failed: {'msg': 'Request header OK-ACCESS-PASSPHRASE incorrect.', 'code': '50105'}
2026-03-13 20:02:21,486 [worker:httpx] INFO: HTTP Request: GET https://www.okx.com/api/v5/account/positions?instType=SWAP "HTTP/2 401 Unauthorized"
2026-03-13 20:02:21,487 [worker:engine] WARNING: Position sync failed: get_positions failed: {'msg': 'Request header OK-ACCESS-PASSPHRASE incorrect.', 'code': '50105'}
2026-03-13 20:02:21,855 [worker:httpx] INFO: HTTP Request: GET https://www.okx.com/api/v5/account/positions?instType=SWAP "HTTP/2 401 Unauthorized"
2026-03-13 20:02:21,855 [worker:engine] WARNING: Position sync failed: get_positions failed: {'msg': 'Request header OK-ACCESS-PASSPHRASE incorrect.', 'code': '50105'}
2026-03-13 20:02:22,259 [worker:httpx] INFO: HTTP Request: GET https://www.okx.com/api/v5/account/positions?instType=SWAP "HTTP/2 401 Unauthorized"
2026-03-13 20:02:22,260 [worker:engine] WARNING: Position sync failed: get_positions failed: {'msg': 'Request header OK-ACCESS-PASSPHRASE incorrect.', 'code': '50105'}
2026-03-13 20:02:22,874 [worker:httpx] INFO: HTTP Request: GET https://www.okx.com/api/v5/account/positions?instType=SWAP "HTTP/2 401 Unauthorized"
2026-03-13 20:02:22,875 [worker:engine] WARNING: Position sync failed: get_positions failed: {'msg': 'Request header OK-ACCESS-PASSPHRASE incorrect.', 'code': '50105'}
2026-03-13 20:02:23,249 [worker:httpx] INFO: HTTP Request: GET https://www.okx.com/api/v5/account/positions?instType=SWAP "HTTP/2 401 Unauthorized"
2026-03-13 20:02:23,250 [worker:engine] WARNING: Position sync failed: get_positions failed: {'msg': 'Request header OK-ACCESS-PASSPHRASE incorrect.', 'code': '50105'}
2026-03-13 20:02:23,893 [worker:httpx] INFO: HTTP Request: GET https://www.okx.com/api/v5/account/positions?instType=SWAP "HTTP/2 401 Unauthorized"
2026-03-13 20:02:23,894 [worker:engine] WARNING: Position sync failed: get_positions failed: {'msg': 'Request header OK-ACCESS-PASSPHRASE incorrect.', 'code': '50105'}
2026-03-13 20:02:24,274 [worker:httpx] INFO: HTTP Request: GET https://www.okx.com/api/v5/account/positions?instType=SWAP "HTTP/2 401 Unauthorized"
2026-03-13 20:02:24,275 [worker:engine] WARNING: Position sync failed: get_positions failed: {'msg': 'Request header OK-ACCESS-PASSPHRASE incorrect.', 'code': '50105'}
2026-03-13 20:02:24,667 [worker:httpx] INFO: HTTP Request: GET https://www.okx.com/api/v5/account/positions?instType=SWAP "HTTP/2 401 Unauthorized"
2026-03-13 20:02:24,668 [worker:engine] WARNING: Position sync failed: get_positions failed: {'msg': 'Request header OK-ACCESS-PASSPHRASE incorrect.', 'code': '50105'}
2026-03-13 20:02:25,052 [worker:httpx] INFO: HTTP Request: GET https://www.okx.com/api/v5/account/positions?instType=SWAP "HTTP/2 401 Unauthorized"
2026-03-13 20:02:25,052 [worker:engine] WARNING: Position sync failed: get_positions failed: {'msg': 'Request header OK-ACCESS-PASSPHRASE incorrect.', 'code': '50105'}
2026-03-13 20:02:25,441 [worker:httpx] INFO: HTTP Request: GET https://www.okx.com/api/v5/account/positions?instType=SWAP "HTTP/2 401 Unauthorized"
2026-03-13 20:02:25,444 [worker:engine] WARNING: Position sync failed: get_positions failed: {'msg': 'Request header OK-ACCESS-PASSPHRASE incorrect.', 'code': '50105'}
2026-03-13 20:02:26,054 [worker:httpx] INFO: HTTP Request: GET https://www.okx.com/api/v5/account/positions?instType=SWAP "HTTP/2 401 Unauthorized"
2026-03-13 20:02:26,054 [worker:engine] WARNING: Position sync failed: get_positions failed: {'msg': 'Request header OK-ACCESS-PASSPHRASE incorrect.', 'code': '50105'}
2026-03-13 20:02:27,362 [worker:httpx] INFO: HTTP Request: GET https://www.okx.com/api/v5/account/positions?instType=SWAP "HTTP/2 401 Unauthorized"
2026-03-13 20:02:27,363 [worker:engine] WARNING: Position sync failed: get_positions failed: {'msg': 'Request header OK-ACCESS-PASSPHRASE incorrect.', 'code': '50105'}
2026-03-13 20:02:27,993 [worker:httpx] INFO: HTTP Request: GET https://www.okx.com/api/v5/account/positions?instType=SWAP "HTTP/2 401 Unauthorized"
2026-03-13 20:02:27,994 [worker:engine] WARNING: Position sync failed: get_positions failed: {'msg': 'Request header OK-ACCESS-PASSPHRASE incorrect.', 'code': '50105'}
2026-03-13 20:02:28,617 [worker:httpx] INFO: HTTP Request: GET https://www.okx.com/api/v5/account/positions?instType=SWAP "HTTP/2 401 Unauthorized"
2026-03-13 20:02:28,617 [worker:engine] WARNING: Position sync failed: get_positions failed: {'msg': 'Request header OK-ACCESS-PASSPHRASE incorrect.', 'code': '50105'}
2026-03-13 20:02:28,993 [worker:httpx] INFO: HTTP Request: GET https://www.okx.com/api/v5/account/positions?instType=SWAP "HTTP/2 401 Unauthorized"
2026-03-13 20:02:28,993 [worker:engine] WARNING: Position sync failed: get_positions failed: {'msg': 'Request header OK-ACCESS-PASSPHRASE incorrect.', 'code': '50105'}
2026-03-13 20:02:29,402 [worker:httpx] INFO: HTTP Request: GET https://www.okx.com/api/v5/account/positions?instType=SWAP "HTTP/2 401 Unauthorized"
2026-03-13 20:02:29,402 [worker:engine] WARNING: Position sync failed: get_positions failed: {'msg': 'Request header OK-ACCESS-PASSPHRASE incorrect.', 'code': '50105'}
2026-03-13 20:02:29,794 [worker:httpx] INFO: HTTP Request: GET https://www.okx.com/api/v5/account/positions?instType=SWAP "HTTP/2 401 Unauthorized"
2026-03-13 20:02:29,794 [worker:engine] WARNING: Position sync failed: get_positions failed: {'msg': 'Request header OK-ACCESS-PASSPHRASE incorrect.', 'code': '50105'}
2026-03-13 20:02:30,193 [worker:httpx] INFO: HTTP Request: GET https://www.okx.com/api/v5/account/positions?instType=SWAP "HTTP/2 401 Unauthorized"
2026-03-13 20:02:30,194 [worker:engine] WARNING: Position sync failed: get_positions failed: {'msg': 'Request header OK-ACCESS-PASSPHRASE incorrect.', 'code': '50105'}
2026-03-13 20:02:35,800 [worker:httpx] INFO: HTTP Request: GET https://www.okx.com/api/v5/account/positions?instType=SWAP "HTTP/2 401 Unauthorized"
2026-03-13 20:02:35,801 [worker:engine] WARNING: Position sync failed: get_positions failed: {'msg': 'Request header OK-ACCESS-PASSPHRASE incorrect.', 'code': '50105'}
2026-03-13 20:02:36,553 [worker:httpx] INFO: HTTP Request: GET https://www.okx.com/api/v5/account/positions?instType=SWAP "HTTP/2 401 Unauthorized"
2026-03-13 20:02:36,554 [worker:engine] WARNING: Position sync failed: get_positions failed: {'msg': 'Request header OK-ACCESS-PASSPHRASE incorrect.', 'code': '50105'}
2026-03-13 20:02:36,922 [worker:httpx] INFO: HTTP Request: GET https://www.okx.com/api/v5/account/positions?instType=SWAP "HTTP/2 401 Unauthorized"
2026-03-13 20:02:36,922 [worker:engine] WARNING: Position sync failed: get_positions failed: {'msg': 'Request header OK-ACCESS-PASSPHRASE incorrect.', 'code': '50105'}
2026-03-13 20:02:37,290 [worker:httpx] INFO: HTTP Request: GET https://www.okx.com/api/v5/account/positions?instType=SWAP "HTTP/2 401 Unauthorized"
2026-03-13 20:02:37,290 [worker:engine] WARNING: Position sync failed: get_positions failed: {'msg': 'Request header OK-ACCESS-PASSPHRASE incorrect.', 'code': '50105'}
2026-03-13 20:02:37,675 [worker:httpx] INFO: HTTP Request: GET https://www.okx.com/api/v5/account/positions?instType=SWAP "HTTP/2 401 Unauthorized"
2026-03-13 20:02:37,675 [worker:engine] WARNING: Position sync failed: get_positions failed: {'msg': 'Request header OK-ACCESS-PASSPHRASE incorrect.', 'code': '50105'}
2026-03-13 20:02:38,047 [worker:httpx] INFO: HTTP Request: GET https://www.okx.com/api/v5/account/positions?instType=SWAP "HTTP/2 401 Unauthorized"
2026-03-13 20:02:38,047 [worker:engine] WARNING: Position sync failed: get_positions failed: {'msg': 'Request header OK-ACCESS-PASSPHRASE incorrect.', 'code': '50105'}
2026-03-13 20:02:38,549 [worker:httpx] INFO: HTTP Request: GET https://www.okx.com/api/v5/account/positions?instType=SWAP "HTTP/2 401 Unauthorized"
2026-03-13 20:02:38,550 [worker:engine] WARNING: Position sync failed: get_positions failed: {'msg': 'Request header OK-ACCESS-PASSPHRASE incorrect.', 'code': '50105'}
2026-03-13 20:02:38,923 [worker:httpx] INFO: HTTP Request: GET https://www.okx.com/api/v5/account/positions?instType=SWAP "HTTP/2 401 Unauthorized"
2026-03-13 20:02:38,924 [worker:engine] WARNING: Position sync failed: get_positions failed: {'msg': 'Request header OK-ACCESS-PASSPHRASE incorrect.', 'code': '50105'}
2026-03-13 20:02:39,309 [worker:httpx] INFO: HTTP Request: GET https://www.okx.com/api/v5/account/positions?instType=SWAP "HTTP/2 401 Unauthorized"
2026-03-13 20:02:39,310 [worker:engine] WARNING: Position sync failed: get_positions failed: {'msg': 'Request header OK-ACCESS-PASSPHRASE incorrect.', 'code': '50105'}
2026-03-13 20:02:39,689 [worker:httpx] INFO: HTTP Request: GET https://www.okx.com/api/v5/account/positions?instType=SWAP "HTTP/2 401 Unauthorized"
2026-03-13 20:02:39,709 [worker:engine] WARNING: Position sync failed: get_positions failed: {'msg': 'Request header OK-ACCESS-PASSPHRASE incorrect.', 'code': '50105'}
2026-03-13 20:02:40,088 [worker:httpx] INFO: HTTP Request: GET https://www.okx.com/api/v5/account/positions?instType=SWAP "HTTP/2 401 Unauthorized"
2026-03-13 20:02:40,089 [worker:engine] WARNING: Position sync failed: get_positions failed: {'msg': 'Request header OK-ACCESS-PASSPHRASE incorrect.', 'code': '50105'}
2026-03-13 20:02:40,470 [worker:httpx] INFO: HTTP Request: GET https://www.okx.com/api/v5/account/balance "HTTP/2 401 Unauthorized"
2026-03-13 20:02:41,026 [worker:httpx] INFO: HTTP Request: GET https://www.okx.com/api/v5/account/positions?instType=SWAP "HTTP/2 401 Unauthorized"
2026-03-13 20:02:41,026 [worker:engine] WARNING: Position sync failed: get_positions failed: {'msg': 'Request header OK-ACCESS-PASSPHRASE incorrect.', 'code': '50105'}
2026-03-13 20:02:41,628 [worker:httpx] INFO: HTTP Request: GET https://www.okx.com/api/v5/account/positions?instType=SWAP "HTTP/2 401 Unauthorized"
2026-03-13 20:02:41,629 [worker:engine] WARNING: Position sync failed: get_positions failed: {'msg': 'Request header OK-ACCESS-PASSPHRASE incorrect.', 'code': '50105'}
2026-03-13 20:02:42,008 [worker:httpx] INFO: HTTP Request: GET https://www.okx.com/api/v5/account/positions?instType=SWAP "HTTP/2 401 Unauthorized"
2026-03-13 20:02:42,008 [worker:engine] WARNING: Position sync failed: get_positions failed: {'msg': 'Request header OK-ACCESS-PASSPHRASE incorrect.', 'code': '50105'}
2026-03-13 20:02:42,388 [worker:httpx] INFO: HTTP Request: GET https://www.okx.com/api/v5/account/positions?instType=SWAP "HTTP/2 401 Unauthorized"
2026-03-13 20:02:42,388 [worker:engine] WARNING: Position sync failed: get_positions failed: {'msg': 'Request header OK-ACCESS-PASSPHRASE incorrect.', 'code': '50105'}
2026-03-13 20:02:42,926 [worker:httpx] INFO: HTTP Request: GET https://www.okx.com/api/v5/account/positions?instType=SWAP "HTTP/2 401 Unauthorized"
2026-03-13 20:02:42,926 [worker:engine] WARNING: Position sync failed: get_positions failed: {'msg': 'Request header OK-ACCESS-PASSPHRASE incorrect.', 'code': '50105'}
2026-03-13 20:02:43,329 [worker:httpx] INFO: HTTP Request: GET https://www.okx.com/api/v5/account/positions?instType=SWAP "HTTP/2 401 Unauthorized"
2026-03-13 20:02:43,329 [worker:engine] WARNING: Position sync failed: get_positions failed: {'msg': 'Request header OK-ACCESS-PASSPHRASE incorrect.', 'code': '50105'}
2026-03-13 20:02:43,712 [worker:httpx] INFO: HTTP Request: GET https://www.okx.com/api/v5/account/positions?instType=SWAP "HTTP/2 401 Unauthorized"
2026-03-13 20:02:43,713 [worker:engine] WARNING: Position sync failed: get_positions failed: {'msg': 'Request header OK-ACCESS-PASSPHRASE incorrect.', 'code': '50105'}
2026-03-13 20:02:44,093 [worker:httpx] INFO: HTTP Request: GET https://www.okx.com/api/v5/account/positions?instType=SWAP "HTTP/2 401 Unauthorized"
2026-03-13 20:02:44,093 [worker:engine] WARNING: Position sync failed: get_positions failed: {'msg': 'Request header OK-ACCESS-PASSPHRASE incorrect.', 'code': '50105'}
2026-03-13 20:02:44,485 [worker:httpx] INFO: HTTP Request: GET https://www.okx.com/api/v5/account/positions?instType=SWAP "HTTP/2 401 Unauthorized"
2026-03-13 20:02:44,486 [worker:engine] WARNING: Position sync failed: get_positions failed: {'msg': 'Request header OK-ACCESS-PASSPHRASE incorrect.', 'code': '50105'}
2026-03-13 20:02:45,095 [worker:httpx] INFO: HTTP Request: GET https://www.okx.com/api/v5/account/positions?instType=SWAP "HTTP/2 401 Unauthorized"
2026-03-13 20:02:45,096 [worker:engine] WARNING: Position sync failed: get_positions failed: {'msg': 'Request header OK-ACCESS-PASSPHRASE incorrect.', 'code': '50105'}
2026-03-13 20:02:45,492 [worker:httpx] INFO: HTTP Request: GET https://www.okx.com/api/v5/account/positions?instType=SWAP "HTTP/2 401 Unauthorized"
2026-03-13 20:02:45,493 [worker:engine] WARNING: Position sync failed: get_positions failed: {'msg': 'Request header OK-ACCESS-PASSPHRASE incorrect.', 'code': '50105'}
2026-03-13 20:02:45,886 [worker:httpx] INFO: HTTP Request: GET https://www.okx.com/api/v5/account/positions?instType=SWAP "HTTP/2 401 Unauthorized"
2026-03-13 20:02:45,887 [worker:engine] WARNING: Position sync failed: get_positions failed: {'msg': 'Request header OK-ACCESS-PASSPHRASE incorrect.', 'code': '50105'}
2026-03-13 20:02:46,251 [worker:httpx] INFO: HTTP Request: GET https://www.okx.com/api/v5/account/positions?instType=SWAP "HTTP/2 401 Unauthorized"
2026-03-13 20:02:46,252 [worker:engine] WARNING: Position sync failed: get_positions failed: {'msg': 'Request header OK-ACCESS-PASSPHRASE incorrect.', 'code': '50105'}
2026-03-13 20:02:46,853 [worker:httpx] INFO: HTTP Request: GET https://www.okx.com/api/v5/account/positions?instType=SWAP "HTTP/2 401 Unauthorized"
2026-03-13 20:02:46,853 [worker:engine] WARNING: Position sync failed: get_positions failed: {'msg': 'Request header OK-ACCESS-PASSPHRASE incorrect.', 'code': '50105'}
2026-03-13 20:02:47,434 [worker:httpx] INFO: HTTP Request: GET https://www.okx.com/api/v5/account/positions?instType=SWAP "HTTP/2 401 Unauthorized"
2026-03-13 20:02:47,435 [worker:engine] WARNING: Position sync failed: get_positions failed: {'msg': 'Request header OK-ACCESS-PASSPHRASE incorrect.', 'code': '50105'}
2026-03-13 20:02:47,814 [worker:httpx] INFO: HTTP Request: GET https://www.okx.com/api/v5/account/positions?instType=SWAP "HTTP/2 401 Unauthorized"
2026-03-13 20:02:47,814 [worker:engine] WARNING: Position sync failed: get_positions failed: {'msg': 'Request header OK-ACCESS-PASSPHRASE incorrect.', 'code': '50105'}
2026-03-13 20:02:48,188 [worker:httpx] INFO: HTTP Request: GET https://www.okx.com/api/v5/account/positions?instType=SWAP "HTTP/2 401 Unauthorized"
2026-03-13 20:02:48,189 [worker:engine] WARNING: Position sync failed: get_positions failed: {'msg': 'Request header OK-ACCESS-PASSPHRASE incorrect.', 'code': '50105'}
2026-03-13 20:02:48,583 [worker:httpx] INFO: HTTP Request: GET https://www.okx.com/api/v5/account/positions?instType=SWAP "HTTP/2 401 Unauthorized"
2026-03-13 20:02:48,584 [worker:engine] WARNING: Position sync failed: get_positions failed: {'msg': 'Request header OK-ACCESS-PASSPHRASE incorrect.', 'code': '50105'}
2026-03-13 20:02:48,969 [worker:httpx] INFO: HTTP Request: GET https://www.okx.com/api/v5/account/positions?instType=SWAP "HTTP/2 401 Unauthorized"
2026-03-13 20:02:48,970 [worker:engine] WARNING: Position sync failed: get_positions failed: {'msg': 'Request header OK-ACCESS-PASSPHRASE incorrect.', 'code': '50105'}
2026-03-13 20:02:49,536 [worker:httpx] INFO: HTTP Request: GET https://www.okx.com/api/v5/account/positions?instType=SWAP "HTTP/2 401 Unauthorized"
2026-03-13 20:02:49,537 [worker:engine] WARNING: Position sync failed: get_positions failed: {'msg': 'Request header OK-ACCESS-PASSPHRASE incorrect.', 'code': '50105'}
2026-03-13 20:02:49,908 [worker:httpx] INFO: HTTP Request: GET https://www.okx.com/api/v5/account/positions?instType=SWAP "HTTP/2 401 Unauthorized"
2026-03-13 20:02:49,909 [worker:engine] WARNING: Position sync failed: get_positions failed: {'msg': 'Request header OK-ACCESS-PASSPHRASE incorrect.', 'code': '50105'}
2026-03-13 20:02:50,288 [worker:httpx] INFO: HTTP Request: GET https://www.okx.com/api/v5/account/positions?instType=SWAP "HTTP/2 401 Unauthorized"
2026-03-13 20:02:50,288 [worker:engine] WARNING: Position sync failed: get_positions failed: {'msg': 'Request header OK-ACCESS-PASSPHRASE incorrect.', 'code': '50105'}
2026-03-13 20:02:50,680 [worker:httpx] INFO: HTTP Request: GET https://www.okx.com/api/v5/account/positions?instType=SWAP "HTTP/2 401 Unauthorized"
2026-03-13 20:02:50,680 [worker:engine] WARNING: Position sync failed: get_positions failed: {'msg': 'Request header OK-ACCESS-PASSPHRASE incorrect.', 'code': '50105'}
2026-03-13 20:02:51,072 [worker:httpx] INFO: HTTP Request: GET https://www.okx.com/api/v5/account/positions?instType=SWAP "HTTP/2 401 Unauthorized"
2026-03-13 20:02:51,072 [worker:engine] WARNING: Position sync failed: get_positions failed: {'msg': 'Request header OK-ACCESS-PASSPHRASE incorrect.', 'code': '50105'}
2026-03-13 20:02:51,627 [worker:httpx] INFO: HTTP Request: GET https://www.okx.com/api/v5/account/positions?instType=SWAP "HTTP/2 401 Unauthorized"
2026-03-13 20:02:51,628 [worker:engine] WARNING: Position sync failed: get_positions failed: {'msg': 'Request header OK-ACCESS-PASSPHRASE incorrect.', 'code': '50105'}
2026-03-13 20:02:52,210 [worker:httpx] INFO: HTTP Request: GET https://www.okx.com/api/v5/account/positions?instType=SWAP "HTTP/2 401 Unauthorized"
2026-03-13 20:02:52,211 [worker:engine] WARNING: Position sync failed: get_positions failed: {'msg': 'Request header OK-ACCESS-PASSPHRASE incorrect.', 'code': '50105'}
2026-03-13 20:02:52,591 [worker:httpx] INFO: HTTP Request: GET https://www.okx.com/api/v5/account/positions?instType=SWAP "HTTP/2 401 Unauthorized"
2026-03-13 20:02:52,591 [worker:engine] WARNING: Position sync failed: get_positions failed: {'msg': 'Request header OK-ACCESS-PASSPHRASE incorrect.', 'code': '50105'}
2026-03-13 20:02:52,978 [worker:httpx] INFO: HTTP Request: GET https://www.okx.com/api/v5/account/positions?instType=SWAP "HTTP/2 401 Unauthorized"
2026-03-13 20:02:52,979 [worker:engine] WARNING: Position sync failed: get_positions failed: {'msg': 'Request header OK-ACCESS-PASSPHRASE incorrect.', 'code': '50105'}
2026-03-13 20:02:53,381 [worker:httpx] INFO: HTTP Request: GET https://www.okx.com/api/v5/account/positions?instType=SWAP "HTTP/2 401 Unauthorized"
2026-03-13 20:02:53,383 [worker:engine] WARNING: Position sync failed: get_positions failed: {'msg': 'Request header OK-ACCESS-PASSPHRASE incorrect.', 'code': '50105'}
2026-03-13 20:02:53,914 [worker:httpx] INFO: HTTP Request: GET https://www.okx.com/api/v5/account/positions?instType=SWAP "HTTP/2 401 Unauthorized"
2026-03-13 20:02:53,915 [worker:engine] WARNING: Position sync failed: get_positions failed: {'msg': 'Request header OK-ACCESS-PASSPHRASE incorrect.', 'code': '50105'}
2026-03-13 20:02:54,287 [worker:httpx] INFO: HTTP Request: GET https://www.okx.com/api/v5/account/positions?instType=SWAP "HTTP/2 401 Unauthorized"
2026-03-13 20:02:54,288 [worker:engine] WARNING: Position sync failed: get_positions failed: {'msg': 'Request header OK-ACCESS-PASSPHRASE incorrect.', 'code': '50105'}
2026-03-13 20:02:54,672 [worker:httpx] INFO: HTTP Request: GET https://www.okx.com/api/v5/account/positions?instType=SWAP "HTTP/2 401 Unauthorized"
2026-03-13 20:02:54,673 [worker:engine] WARNING: Position sync failed: get_positions failed: {'msg': 'Request header OK-ACCESS-PASSPHRASE incorrect.', 'code': '50105'}
2026-03-13 20:02:55,056 [worker:httpx] INFO: HTTP Request: GET https://www.okx.com/api/v5/account/positions?instType=SWAP "HTTP/2 401 Unauthorized"
2026-03-13 20:02:55,056 [worker:engine] WARNING: Position sync failed: get_positions failed: {'msg': 'Request header OK-ACCESS-PASSPHRASE incorrect.', 'code': '50105'}
2026-03-13 20:02:55,447 [worker:httpx] INFO: HTTP Request: GET https://www.okx.com/api/v5/account/positions?instType=SWAP "HTTP/2 401 Unauthorized"
2026-03-13 20:02:55,447 [worker:engine] WARNING: Position sync failed: get_positions failed: {'msg': 'Request header OK-ACCESS-PASSPHRASE incorrect.', 'code': '50105'}
2026-03-13 20:02:55,992 [worker:httpx] INFO: HTTP Request: GET https://www.okx.com/api/v5/account/positions?instType=SWAP "HTTP/2 401 Unauthorized"
2026-03-13 20:02:55,992 [worker:engine] WARNING: Position sync failed: get_positions failed: {'msg': 'Request header OK-ACCESS-PASSPHRASE incorrect.', 'code': '50105'}
2026-03-13 20:02:56,381 [worker:httpx] INFO: HTTP Request: GET https://www.okx.com/api/v5/account/positions?instType=SWAP "HTTP/2 401 Unauthorized"
2026-03-13 20:02:56,384 [worker:engine] WARNING: Position sync failed: get_positions failed: {'msg': 'Request header OK-ACCESS-PASSPHRASE incorrect.', 'code': '50105'}
2026-03-13 20:02:57,492 [worker:httpx] INFO: HTTP Request: GET https://www.okx.com/api/v5/account/positions?instType=SWAP "HTTP/2 401 Unauthorized"
2026-03-13 20:02:57,492 [worker:engine] WARNING: Position sync failed: get_positions failed: {'msg': 'Request header OK-ACCESS-PASSPHRASE incorrect.', 'code': '50105'}
2026-03-13 20:02:58,212 [worker:httpx] INFO: HTTP Request: GET https://www.okx.com/api/v5/account/positions?instType=SWAP "HTTP/2 401 Unauthorized"
2026-03-13 20:02:58,213 [worker:engine] WARNING: Position sync failed: get_positions failed: {'msg': 'Request header OK-ACCESS-PASSPHRASE incorrect.', 'code': '50105'}
2026-03-13 20:02:58,650 [worker:httpx] INFO: HTTP Request: GET https://www.okx.com/api/v5/account/positions?instType=SWAP "HTTP/2 401 Unauthorized"
2026-03-13 20:02:58,650 [worker:engine] WARNING: Position sync failed: get_positions failed: {'msg': 'Request header OK-ACCESS-PASSPHRASE incorrect.', 'code': '50105'}
2026-03-13 20:02:59,027 [worker:httpx] INFO: HTTP Request: GET https://www.okx.com/api/v5/account/positions?instType=SWAP "HTTP/2 401 Unauthorized"
2026-03-13 20:02:59,028 [worker:engine] WARNING: Position sync failed: get_positions failed: {'msg': 'Request header OK-ACCESS-PASSPHRASE incorrect.', 'code': '50105'}
2026-03-13 20:02:59,403 [worker:httpx] INFO: HTTP Request: GET https://www.okx.com/api/v5/account/positions?instType=SWAP "HTTP/2 401 Unauthorized"
2026-03-13 20:02:59,404 [worker:engine] WARNING: Position sync failed: get_positions failed: {'msg': 'Request header OK-ACCESS-PASSPHRASE incorrect.', 'code': '50105'}
2026-03-13 20:02:59,787 [worker:httpx] INFO: HTTP Request: GET https://www.okx.com/api/v5/account/positions?instType=SWAP "HTTP/2 401 Unauthorized"
2026-03-13 20:02:59,787 [worker:engine] WARNING: Position sync failed: get_positions failed: {'msg': 'Request header OK-ACCESS-PASSPHRASE incorrect.', 'code': '50105'}
2026-03-13 20:03:00,375 [worker:httpx] INFO: HTTP Request: GET https://www.okx.com/api/v5/account/positions?instType=SWAP "HTTP/2 401 Unauthorized"
2026-03-13 20:03:00,377 [worker:engine] WARNING: Position sync failed: get_positions failed: {'msg': 'Request header OK-ACCESS-PASSPHRASE incorrect.', 'code': '50105'}
2026-03-13 20:03:00,744 [worker:httpx] INFO: HTTP Request: GET https://www.okx.com/api/v5/account/positions?instType=SWAP "HTTP/2 401 Unauthorized"
2026-03-13 20:03:00,744 [worker:engine] WARNING: Position sync failed: get_positions failed: {'msg': 'Request header OK-ACCESS-PASSPHRASE incorrect.', 'code': '50105'}
2026-03-13 20:03:01,132 [worker:httpx] INFO: HTTP Request: GET https://www.okx.com/api/v5/account/positions?instType=SWAP "HTTP/2 401 Unauthorized"
2026-03-13 20:03:01,133 [worker:engine] WARNING: Position sync failed: get_positions failed: {'msg': 'Request header OK-ACCESS-PASSPHRASE incorrect.', 'code': '50105'}
2026-03-13 20:03:01,508 [worker:httpx] INFO: HTTP Request: GET https://www.okx.com/api/v5/account/positions?instType=SWAP "HTTP/2 401 Unauthorized"
2026-03-13 20:03:01,509 [worker:engine] WARNING: Position sync failed: get_positions failed: {'msg': 'Request header OK-ACCESS-PASSPHRASE incorrect.', 'code': '50105'}
2026-03-13 20:03:01,901 [worker:httpx] INFO: HTTP Request: GET https://www.okx.com/api/v5/account/positions?instType=SWAP "HTTP/2 401 Unauthorized"
2026-03-13 20:03:01,902 [worker:engine] WARNING: Position sync failed: get_positions failed: {'msg': 'Request header OK-ACCESS-PASSPHRASE incorrect.', 'code': '50105'}
2026-03-13 20:03:02,539 [worker:httpx] INFO: HTTP Request: GET https://www.okx.com/api/v5/account/positions?instType=SWAP "HTTP/2 401 Unauthorized"
2026-03-13 20:03:02,539 [worker:engine] WARNING: Position sync failed: get_positions failed: {'msg': 'Request header OK-ACCESS-PASSPHRASE incorrect.', 'code': '50105'}
2026-03-13 20:03:03,147 [worker:httpx] INFO: HTTP Request: GET https://www.okx.com/api/v5/account/positions?instType=SWAP "HTTP/2 401 Unauthorized"
2026-03-13 20:03:03,148 [worker:engine] WARNING: Position sync failed: get_positions failed: {'msg': 'Request header OK-ACCESS-PASSPHRASE incorrect.', 'code': '50105'}
2026-03-13 20:03:03,527 [worker:httpx] INFO: HTTP Request: GET https://www.okx.com/api/v5/account/positions?instType=SWAP "HTTP/2 401 Unauthorized"
2026-03-13 20:03:03,528 [worker:engine] WARNING: Position sync failed: get_positions failed: {'msg': 'Request header OK-ACCESS-PASSPHRASE incorrect.', 'code': '50105'}
2026-03-13 20:03:03,929 [worker:httpx] INFO: HTTP Request: GET https://www.okx.com/api/v5/account/positions?instType=SWAP "HTTP/2 401 Unauthorized"
2026-03-13 20:03:03,930 [worker:engine] WARNING: Position sync failed: get_positions failed: {'msg': 'Request header OK-ACCESS-PASSPHRASE incorrect.', 'code': '50105'}
2026-03-13 20:03:04,489 [worker:httpx] INFO: HTTP Request: GET https://www.okx.com/api/v5/account/positions?instType=SWAP "HTTP/2 401 Unauthorized"
2026-03-13 20:03:04,489 [worker:engine] WARNING: Position sync failed: get_positions failed: {'msg': 'Request header OK-ACCESS-PASSPHRASE incorrect.', 'code': '50105'}
2026-03-13 20:03:04,883 [worker:httpx] INFO: HTTP Request: GET https://www.okx.com/api/v5/account/positions?instType=SWAP "HTTP/2 401 Unauthorized"
2026-03-13 20:03:04,884 [worker:engine] WARNING: Position sync failed: get_positions failed: {'msg': 'Request header OK-ACCESS-PASSPHRASE incorrect.', 'code': '50105'}
2026-03-13 20:03:05,288 [worker:httpx] INFO: HTTP Request: GET https://www.okx.com/api/v5/account/positions?instType=SWAP "HTTP/2 401 Unauthorized"
2026-03-13 20:03:05,288 [worker:engine] WARNING: Position sync failed: get_positions failed: {'msg': 'Request header OK-ACCESS-PASSPHRASE incorrect.', 'code': '50105'}
2026-03-13 20:03:05,659 [worker:httpx] INFO: HTTP Request: GET https://www.okx.com/api/v5/account/positions?instType=SWAP "HTTP/2 401 Unauthorized"
2026-03-13 20:03:05,660 [worker:engine] WARNING: Position sync failed: get_positions failed: {'msg': 'Request header OK-ACCESS-PASSPHRASE incorrect.', 'code': '50105'}
2026-03-13 20:03:06,067 [worker:httpx] INFO: HTTP Request: GET https://www.okx.com/api/v5/account/positions?instType=SWAP "HTTP/2 401 Unauthorized"
2026-03-13 20:03:06,069 [worker:engine] WARNING: Position sync failed: get_positions failed: {'msg': 'Request header OK-ACCESS-PASSPHRASE incorrect.', 'code': '50105'}
2026-03-13 20:03:06,672 [worker:httpx] INFO: HTTP Request: GET https://www.okx.com/api/v5/account/positions?instType=SWAP "HTTP/2 401 Unauthorized"
2026-03-13 20:03:06,672 [worker:engine] WARNING: Position sync failed: get_positions failed: {'msg': 'Request header OK-ACCESS-PASSPHRASE incorrect.', 'code': '50105'}
2026-03-13 20:03:07,034 [worker:httpx] INFO: HTTP Request: GET https://www.okx.com/api/v5/account/positions?instType=SWAP "HTTP/2 401 Unauthorized"
2026-03-13 20:03:07,035 [worker:engine] WARNING: Position sync failed: get_positions failed: {'msg': 'Request header OK-ACCESS-PASSPHRASE incorrect.', 'code': '50105'}
2026-03-13 20:03:07,414 [worker:httpx] INFO: HTTP Request: GET https://www.okx.com/api/v5/account/positions?instType=SWAP "HTTP/2 401 Unauthorized"
2026-03-13 20:03:07,414 [worker:engine] WARNING: Position sync failed: get_positions failed: {'msg': 'Request header OK-ACCESS-PASSPHRASE incorrect.', 'code': '50105'}
2026-03-13 20:03:07,792 [worker:httpx] INFO: HTTP Request: GET https://www.okx.com/api/v5/account/positions?instType=SWAP "HTTP/2 401 Unauthorized"
2026-03-13 20:03:07,793 [worker:engine] WARNING: Position sync failed: get_positions failed: {'msg': 'Request header OK-ACCESS-PASSPHRASE incorrect.', 'code': '50105'}
2026-03-13 20:03:08,346 [worker:httpx] INFO: HTTP Request: GET https://www.okx.com/api/v5/account/positions?instType=SWAP "HTTP/2 401 Unauthorized"
2026-03-13 20:03:08,346 [worker:engine] WARNING: Position sync failed: get_positions failed: {'msg': 'Request header OK-ACCESS-PASSPHRASE incorrect.', 'code': '50105'}
2026-03-13 20:03:08,912 [worker:httpx] INFO: HTTP Request: GET https://www.okx.com/api/v5/account/positions?instType=SWAP "HTTP/2 401 Unauthorized"
2026-03-13 20:03:08,912 [worker:engine] WARNING: Position sync failed: get_positions failed: {'msg': 'Request header OK-ACCESS-PASSPHRASE incorrect.', 'code': '50105'}
2026-03-13 20:03:09,299 [worker:httpx] INFO: HTTP Request: GET https://www.okx.com/api/v5/account/positions?instType=SWAP "HTTP/2 401 Unauthorized"
2026-03-13 20:03:09,300 [worker:engine] WARNING: Position sync failed: get_positions failed: {'msg': 'Request header OK-ACCESS-PASSPHRASE incorrect.', 'code': '50105'}
2026-03-13 20:03:09,676 [worker:httpx] INFO: HTTP Request: GET https://www.okx.com/api/v5/account/positions?instType=SWAP "HTTP/2 401 Unauthorized"
2026-03-13 20:03:09,677 [worker:engine] WARNING: Position sync failed: get_positions failed: {'msg': 'Request header OK-ACCESS-PASSPHRASE incorrect.', 'code': '50105'}
2026-03-13 20:03:10,053 [worker:httpx] INFO: HTTP Request: GET https://www.okx.com/api/v5/account/positions?instType=SWAP "HTTP/2 401 Unauthorized"
2026-03-13 20:03:10,053 [worker:engine] WARNING: Position sync failed: get_positions failed: {'msg': 'Request header OK-ACCESS-PASSPHRASE incorrect.', 'code': '50105'}
2026-03-13 20:03:10,441 [worker:httpx] INFO: HTTP Request: GET https://www.okx.com/api/v5/account/positions?instType=SWAP "HTTP/2 401 Unauthorized"
2026-03-13 20:03:10,442 [worker:engine] WARNING: Position sync failed: get_positions failed: {'msg': 'Request header OK-ACCESS-PASSPHRASE incorrect.', 'code': '50105'}
2026-03-13 20:03:11,050 [worker:httpx] INFO: HTTP Request: GET https://www.okx.com/api/v5/account/positions?instType=SWAP "HTTP/2 401 Unauthorized"
2026-03-13 20:03:11,051 [worker:engine] WARNING: Position sync failed: get_positions failed: {'msg': 'Request header OK-ACCESS-PASSPHRASE incorrect.', 'code': '50105'}
2026-03-13 20:03:11,449 [worker:httpx] INFO: HTTP Request: GET https://www.okx.com/api/v5/account/positions?instType=SWAP "HTTP/2 401 Unauthorized"
2026-03-13 20:03:11,450 [worker:engine] WARNING: Position sync failed: get_positions failed: {'msg': 'Request header OK-ACCESS-PASSPHRASE incorrect.', 'code': '50105'}
2026-03-13 20:03:11,819 [worker:httpx] INFO: HTTP Request: GET https://www.okx.com/api/v5/account/positions?instType=SWAP "HTTP/2 401 Unauthorized"
2026-03-13 20:03:11,822 [worker:engine] WARNING: Position sync failed: get_positions failed: {'msg': 'Request header OK-ACCESS-PASSPHRASE incorrect.', 'code': '50105'}
2026-03-13 20:03:12,210 [worker:httpx] INFO: HTTP Request: GET https://www.okx.com/api/v5/account/positions?instType=SWAP "HTTP/2 401 Unauthorized"
2026-03-13 20:03:12,210 [worker:engine] WARNING: Position sync failed: get_positions failed: {'msg': 'Request header OK-ACCESS-PASSPHRASE incorrect.', 'code': '50105'}
2026-03-13 20:03:12,592 [worker:httpx] INFO: HTTP Request: GET https://www.okx.com/api/v5/account/positions?instType=SWAP "HTTP/2 401 Unauthorized"
2026-03-13 20:03:12,592 [worker:engine] WARNING: Position sync failed: get_positions failed: {'msg': 'Request header OK-ACCESS-PASSPHRASE incorrect.', 'code': '50105'}
2026-03-13 20:03:13,124 [worker:httpx] INFO: HTTP Request: GET https://www.okx.com/api/v5/account/positions?instType=SWAP "HTTP/2 401 Unauthorized"
2026-03-13 20:03:13,125 [worker:engine] WARNING: Position sync failed: get_positions failed: {'msg': 'Request header OK-ACCESS-PASSPHRASE incorrect.', 'code': '50105'}
2026-03-13 20:03:13,669 [worker:httpx] INFO: HTTP Request: GET https://www.okx.com/api/v5/account/positions?instType=SWAP "HTTP/2 401 Unauthorized"
2026-03-13 20:03:13,669 [worker:engine] WARNING: Position sync failed: get_positions failed: {'msg': 'Request header OK-ACCESS-PASSPHRASE incorrect.', 'code': '50105'}
2026-03-13 20:03:14,053 [worker:httpx] INFO: HTTP Request: GET https://www.okx.com/api/v5/account/positions?instType=SWAP "HTTP/2 401 Unauthorized"
2026-03-13 20:03:14,054 [worker:engine] WARNING: Position sync failed: get_positions failed: {'msg': 'Request header OK-ACCESS-PASSPHRASE incorrect.', 'code': '50105'}
2026-03-13 20:03:14,449 [worker:httpx] INFO: HTTP Request: GET https://www.okx.com/api/v5/account/positions?instType=SWAP "HTTP/2 401 Unauthorized"
2026-03-13 20:03:14,450 [worker:engine] WARNING: Position sync failed: get_positions failed: {'msg': 'Request header OK-ACCESS-PASSPHRASE incorrect.', 'code': '50105'}
2026-03-13 20:03:14,858 [worker:httpx] INFO: HTTP Request: GET https://www.okx.com/api/v5/account/positions?instType=SWAP "HTTP/2 401 Unauthorized"
2026-03-13 20:03:14,858 [worker:engine] WARNING: Position sync failed: get_positions failed: {'msg': 'Request header OK-ACCESS-PASSPHRASE incorrect.', 'code': '50105'}
2026-03-13 20:03:15,479 [worker:httpx] INFO: HTTP Request: GET https://www.okx.com/api/v5/account/positions?instType=SWAP "HTTP/2 401 Unauthorized"
2026-03-13 20:03:15,480 [worker:engine] WARNING: Position sync failed: get_positions failed: {'msg': 'Request header OK-ACCESS-PASSPHRASE incorrect.', 'code': '50105'}
2026-03-13 20:03:15,865 [worker:httpx] INFO: HTTP Request: GET https://www.okx.com/api/v5/account/positions?instType=SWAP "HTTP/2 401 Unauthorized"
2026-03-13 20:03:15,865 [worker:engine] WARNING: Position sync failed: get_positions failed: {'msg': 'Request header OK-ACCESS-PASSPHRASE incorrect.', 'code': '50105'}
2026-03-13 20:03:16,242 [worker:httpx] INFO: HTTP Request: GET https://www.okx.com/api/v5/account/positions?instType=SWAP "HTTP/2 401 Unauthorized"
2026-03-13 20:03:16,243 [worker:engine] WARNING: Position sync failed: get_positions failed: {'msg': 'Request header OK-ACCESS-PASSPHRASE incorrect.', 'code': '50105'}
2026-03-13 20:03:16,636 [worker:httpx] INFO: HTTP Request: GET https://www.okx.com/api/v5/account/positions?instType=SWAP "HTTP/2 401 Unauthorized"
2026-03-13 20:03:16,637 [worker:engine] WARNING: Position sync failed: get_positions failed: {'msg': 'Request header OK-ACCESS-PASSPHRASE incorrect.', 'code': '50105'}
2026-03-13 20:03:17,007 [worker:httpx] INFO: HTTP Request: GET https://www.okx.com/api/v5/account/positions?instType=SWAP "HTTP/2 401 Unauthorized"
2026-03-13 20:03:17,007 [worker:engine] WARNING: Position sync failed: get_positions failed: {'msg': 'Request header OK-ACCESS-PASSPHRASE incorrect.', 'code': '50105'}
2026-03-13 20:03:17,531 [worker:httpx] INFO: HTTP Request: GET https://www.okx.com/api/v5/account/positions?instType=SWAP "HTTP/2 401 Unauthorized"
2026-03-13 20:03:17,532 [worker:engine] WARNING: Position sync failed: get_positions failed: {'msg': 'Request header OK-ACCESS-PASSPHRASE incorrect.', 'code': '50105'}
2026-03-13 20:03:17,935 [worker:httpx] INFO: HTTP Request: GET https://www.okx.com/api/v5/account/positions?instType=SWAP "HTTP/2 401 Unauthorized"
2026-03-13 20:03:17,936 [worker:engine] WARNING: Position sync failed: get_positions failed: {'msg': 'Request header OK-ACCESS-PASSPHRASE incorrect.', 'code': '50105'}
2026-03-13 20:03:18,363 [worker:httpx] INFO: HTTP Request: GET https://www.okx.com/api/v5/account/positions?instType=SWAP "HTTP/2 401 Unauthorized"
2026-03-13 20:03:18,364 [worker:engine] WARNING: Position sync failed: get_positions failed: {'msg': 'Request header OK-ACCESS-PASSPHRASE incorrect.', 'code': '50105'}
2026-03-13 20:03:19,019 [worker:httpx] INFO: HTTP Request: GET https://www.okx.com/api/v5/account/positions?instType=SWAP "HTTP/2 401 Unauthorized"
2026-03-13 20:03:19,019 [worker:engine] WARNING: Position sync failed: get_positions failed: {'msg': 'Request header OK-ACCESS-PASSPHRASE incorrect.', 'code': '50105'}
2026-03-13 20:03:19,635 [worker:httpx] INFO: HTTP Request: GET https://www.okx.com/api/v5/account/positions?instType=SWAP "HTTP/2 401 Unauthorized"
2026-03-13 20:03:19,635 [worker:engine] WARNING: Position sync failed: get_positions failed: {'msg': 'Request header OK-ACCESS-PASSPHRASE incorrect.', 'code': '50105'}
2026-03-13 20:03:20,027 [worker:httpx] INFO: HTTP Request: GET https://www.okx.com/api/v5/account/positions?instType=SWAP "HTTP/2 401 Unauthorized"
2026-03-13 20:03:20,027 [worker:engine] WARNING: Position sync failed: get_positions failed: {'msg': 'Request header OK-ACCESS-PASSPHRASE incorrect.', 'code': '50105'}
2026-03-13 20:03:20,399 [worker:httpx] INFO: HTTP Request: GET https://www.okx.com/api/v5/account/positions?instType=SWAP "HTTP/2 401 Unauthorized"
2026-03-13 20:03:20,399 [worker:engine] WARNING: Position sync failed: get_positions failed: {'msg': 'Request header OK-ACCESS-PASSPHRASE incorrect.', 'code': '50105'}
2026-03-13 20:03:20,781 [worker:httpx] INFO: HTTP Request: GET https://www.okx.com/api/v5/account/positions?instType=SWAP "HTTP/2 401 Unauthorized"
2026-03-13 20:03:20,782 [worker:engine] WARNING: Position sync failed: get_positions failed: {'msg': 'Request header OK-ACCESS-PASSPHRASE incorrect.', 'code': '50105'}
2026-03-13 20:03:21,176 [worker:httpx] INFO: HTTP Request: GET https://www.okx.com/api/v5/account/positions?instType=SWAP "HTTP/2 401 Unauthorized"
2026-03-13 20:03:21,176 [worker:engine] WARNING: Position sync failed: get_positions failed: {'msg': 'Request header OK-ACCESS-PASSPHRASE incorrect.', 'code': '50105'}
2026-03-13 20:03:21,818 [worker:httpx] INFO: HTTP Request: GET https://www.okx.com/api/v5/account/positions?instType=SWAP "HTTP/2 401 Unauthorized"
2026-03-13 20:03:21,818 [worker:engine] WARNING: Position sync failed: get_positions failed: {'msg': 'Request header OK-ACCESS-PASSPHRASE incorrect.', 'code': '50105'}
2026-03-13 20:03:22,208 [worker:httpx] INFO: HTTP Request: GET https://www.okx.com/api/v5/account/positions?instType=SWAP "HTTP/2 401 Unauthorized"
2026-03-13 20:03:22,208 [worker:engine] WARNING: Position sync failed: get_positions failed: {'msg': 'Request header OK-ACCESS-PASSPHRASE incorrect.', 'code': '50105'}
2026-03-13 20:03:22,589 [worker:httpx] INFO: HTTP Request: GET https://www.okx.com/api/v5/account/positions?instType=SWAP "HTTP/2 401 Unauthorized"
2026-03-13 20:03:22,590 [worker:engine] WARNING: Position sync failed: get_positions failed: {'msg': 'Request header OK-ACCESS-PASSPHRASE incorrect.', 'code': '50105'}
2026-03-13 20:03:22,988 [worker:httpx] INFO: HTTP Request: GET https://www.okx.com/api/v5/account/positions?instType=SWAP "HTTP/2 401 Unauthorized"
2026-03-13 20:03:22,988 [worker:engine] WARNING: Position sync failed: get_positions failed: {'msg': 'Request header OK-ACCESS-PASSPHRASE incorrect.', 'code': '50105'}
2026-03-13 20:03:23,350 [worker:httpx] INFO: HTTP Request: GET https://www.okx.com/api/v5/account/positions?instType=SWAP "HTTP/2 401 Unauthorized"
2026-03-13 20:03:23,350 [worker:engine] WARNING: Position sync failed: get_positions failed: {'msg': 'Request header OK-ACCESS-PASSPHRASE incorrect.', 'code': '50105'}
2026-03-13 20:03:23,868 [worker:httpx] INFO: HTTP Request: GET https://www.okx.com/api/v5/account/positions?instType=SWAP "HTTP/2 401 Unauthorized"
2026-03-13 20:03:23,868 [worker:engine] WARNING: Position sync failed: get_positions failed: {'msg': 'Request header OK-ACCESS-PASSPHRASE incorrect.', 'code': '50105'}
2026-03-13 20:03:24,437 [worker:httpx] INFO: HTTP Request: GET https://www.okx.com/api/v5/account/positions?instType=SWAP "HTTP/2 401 Unauthorized"
2026-03-13 20:03:24,438 [worker:engine] WARNING: Position sync failed: get_positions failed: {'msg': 'Request header OK-ACCESS-PASSPHRASE incorrect.', 'code': '50105'}
2026-03-13 20:03:24,808 [worker:httpx] INFO: HTTP Request: GET https://www.okx.com/api/v5/account/positions?instType=SWAP "HTTP/2 401 Unauthorized"
2026-03-13 20:03:24,809 [worker:engine] WARNING: Position sync failed: get_positions failed: {'msg': 'Request header OK-ACCESS-PASSPHRASE incorrect.', 'code': '50105'}
2026-03-13 20:03:25,197 [worker:httpx] INFO: HTTP Request: GET https://www.okx.com/api/v5/account/positions?instType=SWAP "HTTP/2 401 Unauthorized"
2026-03-13 20:03:25,197 [worker:engine] WARNING: Position sync failed: get_positions failed: {'msg': 'Request header OK-ACCESS-PASSPHRASE incorrect.', 'code': '50105'}
2026-03-13 20:03:25,579 [worker:httpx] INFO: HTTP Request: GET https://www.okx.com/api/v5/account/positions?instType=SWAP "HTTP/2 401 Unauthorized"
2026-03-13 20:03:25,580 [worker:engine] WARNING: Position sync failed: get_positions failed: {'msg': 'Request header OK-ACCESS-PASSPHRASE incorrect.', 'code': '50105'}
2026-03-13 20:03:26,115 [worker:httpx] INFO: HTTP Request: GET https://www.okx.com/api/v5/account/positions?instType=SWAP "HTTP/2 401 Unauthorized"
2026-03-13 20:03:26,115 [worker:engine] WARNING: Position sync failed: get_positions failed: {'msg': 'Request header OK-ACCESS-PASSPHRASE incorrect.', 'code': '50105'}
2026-03-13 20:03:26,501 [worker:httpx] INFO: HTTP Request: GET https://www.okx.com/api/v5/account/positions?instType=SWAP "HTTP/2 401 Unauthorized"
2026-03-13 20:03:26,502 [worker:engine] WARNING: Position sync failed: get_positions failed: {'msg': 'Request header OK-ACCESS-PASSPHRASE incorrect.', 'code': '50105'}
2026-03-13 20:03:27,666 [worker:httpx] INFO: HTTP Request: GET https://www.okx.com/api/v5/account/positions?instType=SWAP "HTTP/2 401 Unauthorized"
2026-03-13 20:03:27,667 [worker:engine] WARNING: Position sync failed: get_positions failed: {'msg': 'Request header OK-ACCESS-PASSPHRASE incorrect.', 'code': '50105'}
2026-03-13 20:03:28,243 [worker:httpx] INFO: HTTP Request: GET https://www.okx.com/api/v5/account/positions?instType=SWAP "HTTP/2 401 Unauthorized"
2026-03-13 20:03:28,243 [worker:engine] WARNING: Position sync failed: get_positions failed: {'msg': 'Request header OK-ACCESS-PASSPHRASE incorrect.', 'code': '50105'}
2026-03-13 20:03:28,635 [worker:httpx] INFO: HTTP Request: GET https://www.okx.com/api/v5/account/positions?instType=SWAP "HTTP/2 401 Unauthorized"
2026-03-13 20:03:28,636 [worker:engine] WARNING: Position sync failed: get_positions failed: {'msg': 'Request header OK-ACCESS-PASSPHRASE incorrect.', 'code': '50105'}
2026-03-13 20:03:29,059 [worker:httpx] INFO: HTTP Request: GET https://www.okx.com/api/v5/account/positions?instType=SWAP "HTTP/2 401 Unauthorized"
2026-03-13 20:03:29,060 [worker:engine] WARNING: Position sync failed: get_positions failed: {'msg': 'Request header OK-ACCESS-PASSPHRASE incorrect.', 'code': '50105'}
2026-03-13 20:03:29,607 [worker:httpx] INFO: HTTP Request: GET https://www.okx.com/api/v5/account/positions?instType=SWAP "HTTP/2 401 Unauthorized"
2026-03-13 20:03:29,607 [worker:engine] WARNING: Position sync failed: get_positions failed: {'msg': 'Request header OK-ACCESS-PASSPHRASE incorrect.', 'code': '50105'}
2026-03-13 20:03:30,032 [worker:httpx] INFO: HTTP Request: GET https://www.okx.com/api/v5/account/positions?instType=SWAP "HTTP/2 401 Unauthorized"
2026-03-13 20:03:30,033 [worker:engine] WARNING: Position sync failed: get_positions failed: {'msg': 'Request header OK-ACCESS-PASSPHRASE incorrect.', 'code': '50105'}
2026-03-13 20:03:30,732 [worker:httpx] INFO: HTTP Request: GET https://www.okx.com/api/v5/account/positions?instType=SWAP "HTTP/2 401 Unauthorized"
2026-03-13 20:03:30,732 [worker:engine] WARNING: Position sync failed: get_positions failed: {'msg': 'Request header OK-ACCESS-PASSPHRASE incorrect.', 'code': '50105'}
2026-03-13 20:03:31,135 [worker:httpx] INFO: HTTP Request: GET https://www.okx.com/api/v5/account/positions?instType=SWAP "HTTP/2 401 Unauthorized"
2026-03-13 20:03:31,135 [worker:engine] WARNING: Position sync failed: get_positions failed: {'msg': 'Request header OK-ACCESS-PASSPHRASE incorrect.', 'code': '50105'}
2026-03-13 20:03:31,532 [worker:httpx] INFO: HTTP Request: GET https://www.okx.com/api/v5/account/positions?instType=SWAP "HTTP/2 401 Unauthorized"
2026-03-13 20:03:31,533 [worker:engine] WARNING: Position sync failed: get_positions failed: {'msg': 'Request header OK-ACCESS-PASSPHRASE incorrect.', 'code': '50105'}
2026-03-13 20:03:31,932 [worker:httpx] INFO: HTTP Request: GET https://www.okx.com/api/v5/account/positions?instType=SWAP "HTTP/2 401 Unauthorized"
2026-03-13 20:03:31,932 [worker:engine] WARNING: Position sync failed: get_positions failed: {'msg': 'Request header OK-ACCESS-PASSPHRASE incorrect.', 'code': '50105'}
2026-03-13 20:03:32,323 [worker:httpx] INFO: HTTP Request: GET https://www.okx.com/api/v5/account/positions?instType=SWAP "HTTP/2 401 Unauthorized"
2026-03-13 20:03:32,323 [worker:engine] WARNING: Position sync failed: get_positions failed: {'msg': 'Request header OK-ACCESS-PASSPHRASE incorrect.', 'code': '50105'}
2026-03-13 20:03:32,886 [worker:httpx] INFO: HTTP Request: GET https://www.okx.com/api/v5/account/positions?instType=SWAP "HTTP/2 401 Unauthorized"
2026-03-13 20:03:32,886 [worker:engine] WARNING: Position sync failed: get_positions failed: {'msg': 'Request header OK-ACCESS-PASSPHRASE incorrect.', 'code': '50105'}
2026-03-13 20:03:33,268 [worker:httpx] INFO: HTTP Request: GET https://www.okx.com/api/v5/account/positions?instType=SWAP "HTTP/2 401 Unauthorized"
2026-03-13 20:03:33,271 [worker:engine] WARNING: Position sync failed: get_positions failed: {'msg': 'Request header OK-ACCESS-PASSPHRASE incorrect.', 'code': '50105'}
2026-03-13 20:03:33,632 [worker:httpx] INFO: HTTP Request: GET https://www.okx.com/api/v5/account/positions?instType=SWAP "HTTP/2 401 Unauthorized"
2026-03-13 20:03:33,633 [worker:engine] WARNING: Position sync failed: get_positions failed: {'msg': 'Request header OK-ACCESS-PASSPHRASE incorrect.', 'code': '50105'}
2026-03-13 20:03:34,011 [worker:httpx] INFO: HTTP Request: GET https://www.okx.com/api/v5/account/positions?instType=SWAP "HTTP/2 401 Unauthorized"
2026-03-13 20:03:34,012 [worker:engine] WARNING: Position sync failed: get_positions failed: {'msg': 'Request header OK-ACCESS-PASSPHRASE incorrect.', 'code': '50105'}
2026-03-13 20:03:34,371 [worker:httpx] INFO: HTTP Request: GET https://www.okx.com/api/v5/account/positions?instType=SWAP "HTTP/2 401 Unauthorized"
2026-03-13 20:03:34,371 [worker:engine] WARNING: Position sync failed: get_positions failed: {'msg': 'Request header OK-ACCESS-PASSPHRASE incorrect.', 'code': '50105'}
2026-03-13 20:03:35,172 [worker:httpx] INFO: HTTP Request: GET https://www.okx.com/api/v5/account/positions?instType=SWAP "HTTP/2 401 Unauthorized"
2026-03-13 20:03:35,173 [worker:engine] WARNING: Position sync failed: get_positions failed: {'msg': 'Request header OK-ACCESS-PASSPHRASE incorrect.', 'code': '50105'}
2026-03-13 20:03:35,553 [worker:httpx] INFO: HTTP Request: GET https://www.okx.com/api/v5/account/positions?instType=SWAP "HTTP/2 401 Unauthorized"
2026-03-13 20:03:35,553 [worker:engine] WARNING: Position sync failed: get_positions failed: {'msg': 'Request header OK-ACCESS-PASSPHRASE incorrect.', 'code': '50105'}
2026-03-13 20:03:35,934 [worker:httpx] INFO: HTTP Request: GET https://www.okx.com/api/v5/account/positions?instType=SWAP "HTTP/2 401 Unauthorized"
2026-03-13 20:03:35,934 [worker:engine] WARNING: Position sync failed: get_positions failed: {'msg': 'Request header OK-ACCESS-PASSPHRASE incorrect.', 'code': '50105'}
2026-03-13 20:03:36,312 [worker:httpx] INFO: HTTP Request: GET https://www.okx.com/api/v5/account/positions?instType=SWAP "HTTP/2 401 Unauthorized"
2026-03-13 20:03:36,312 [worker:engine] WARNING: Position sync failed: get_positions failed: {'msg': 'Request header OK-ACCESS-PASSPHRASE incorrect.', 'code': '50105'}
2026-03-13 20:03:36,712 [worker:httpx] INFO: HTTP Request: GET https://www.okx.com/api/v5/account/positions?instType=SWAP "HTTP/2 401 Unauthorized"
2026-03-13 20:03:36,712 [worker:engine] WARNING: Position sync failed: get_positions failed: {'msg': 'Request header OK-ACCESS-PASSPHRASE incorrect.', 'code': '50105'}
2026-03-13 20:03:37,285 [worker:httpx] INFO: HTTP Request: GET https://www.okx.com/api/v5/account/positions?instType=SWAP "HTTP/2 401 Unauthorized"
2026-03-13 20:03:37,285 [worker:engine] WARNING: Position sync failed: get_positions failed: {'msg': 'Request header OK-ACCESS-PASSPHRASE incorrect.', 'code': '50105'}
2026-03-13 20:03:37,679 [worker:httpx] INFO: HTTP Request: GET https://www.okx.com/api/v5/account/positions?instType=SWAP "HTTP/2 401 Unauthorized"
2026-03-13 20:03:37,679 [worker:engine] WARNING: Position sync failed: get_positions failed: {'msg': 'Request header OK-ACCESS-PASSPHRASE incorrect.', 'code': '50105'}
2026-03-13 20:03:38,045 [worker:httpx] INFO: HTTP Request: GET https://www.okx.com/api/v5/account/positions?instType=SWAP "HTTP/2 401 Unauthorized"
2026-03-13 20:03:38,045 [worker:engine] WARNING: Position sync failed: get_positions failed: {'msg': 'Request header OK-ACCESS-PASSPHRASE incorrect.', 'code': '50105'}
2026-03-13 20:03:38,429 [worker:httpx] INFO: HTTP Request: GET https://www.okx.com/api/v5/account/positions?instType=SWAP "HTTP/2 401 Unauthorized"
2026-03-13 20:03:38,430 [worker:engine] WARNING: Position sync failed: get_positions failed: {'msg': 'Request header OK-ACCESS-PASSPHRASE incorrect.', 'code': '50105'}
2026-03-13 20:03:38,823 [worker:httpx] INFO: HTTP Request: GET https://www.okx.com/api/v5/account/positions?instType=SWAP "HTTP/2 401 Unauthorized"
2026-03-13 20:03:38,824 [worker:engine] WARNING: Position sync failed: get_positions failed: {'msg': 'Request header OK-ACCESS-PASSPHRASE incorrect.', 'code': '50105'}
2026-03-13 20:03:39,432 [worker:httpx] INFO: HTTP Request: GET https://www.okx.com/api/v5/account/positions?instType=SWAP "HTTP/2 401 Unauthorized"
2026-03-13 20:03:39,433 [worker:engine] WARNING: Position sync failed: get_positions failed: {'msg': 'Request header OK-ACCESS-PASSPHRASE incorrect.', 'code': '50105'}
2026-03-13 20:03:40,009 [worker:httpx] INFO: HTTP Request: GET https://www.okx.com/api/v5/account/positions?instType=SWAP "HTTP/2 401 Unauthorized"
2026-03-13 20:03:40,010 [worker:engine] WARNING: Position sync failed: get_positions failed: {'msg': 'Request header OK-ACCESS-PASSPHRASE incorrect.', 'code': '50105'}
2026-03-13 20:03:40,399 [worker:httpx] INFO: HTTP Request: GET https://www.okx.com/api/v5/account/positions?instType=SWAP "HTTP/2 401 Unauthorized"
2026-03-13 20:03:40,400 [worker:engine] WARNING: Position sync failed: get_positions failed: {'msg': 'Request header OK-ACCESS-PASSPHRASE incorrect.', 'code': '50105'}
2026-03-13 20:03:40,771 [worker:httpx] INFO: HTTP Request: GET https://www.okx.com/api/v5/account/positions?instType=SWAP "HTTP/2 401 Unauthorized"
2026-03-13 20:03:40,774 [worker:engine] WARNING: Position sync failed: get_positions failed: {'msg': 'Request header OK-ACCESS-PASSPHRASE incorrect.', 'code': '50105'}
2026-03-13 20:03:41,129 [worker:httpx] INFO: HTTP Request: GET https://www.okx.com/api/v5/account/positions?instType=SWAP "HTTP/2 401 Unauthorized"
2026-03-13 20:03:41,129 [worker:engine] WARNING: Position sync failed: get_positions failed: {'msg': 'Request header OK-ACCESS-PASSPHRASE incorrect.', 'code': '50105'}
2026-03-13 20:03:41,517 [worker:httpx] INFO: HTTP Request: GET https://www.okx.com/api/v5/account/balance "HTTP/2 401 Unauthorized"
2026-03-13 20:03:42,136 [worker:httpx] INFO: HTTP Request: GET https://www.okx.com/api/v5/account/positions?instType=SWAP "HTTP/2 401 Unauthorized"
2026-03-13 20:03:42,136 [worker:engine] WARNING: Position sync failed: get_positions failed: {'msg': 'Request header OK-ACCESS-PASSPHRASE incorrect.', 'code': '50105'}
2026-03-13 20:03:42,534 [worker:httpx] INFO: HTTP Request: GET https://www.okx.com/api/v5/account/positions?instType=SWAP "HTTP/2 401 Unauthorized"
2026-03-13 20:03:42,534 [worker:engine] WARNING: Position sync failed: get_positions failed: {'msg': 'Request header OK-ACCESS-PASSPHRASE incorrect.', 'code': '50105'}
2026-03-13 20:03:42,936 [worker:httpx] INFO: HTTP Request: GET https://www.okx.com/api/v5/account/positions?instType=SWAP "HTTP/2 401 Unauthorized"
2026-03-13 20:03:42,936 [worker:engine] WARNING: Position sync failed: get_positions failed: {'msg': 'Request header OK-ACCESS-PASSPHRASE incorrect.', 'code': '50105'}
2026-03-13 20:03:43,318 [worker:httpx] INFO: HTTP Request: GET https://www.okx.com/api/v5/account/positions?instType=SWAP "HTTP/2 401 Unauthorized"
2026-03-13 20:03:43,318 [worker:engine] WARNING: Position sync failed: get_positions failed: {'msg': 'Request header OK-ACCESS-PASSPHRASE incorrect.', 'code': '50105'}
2026-03-13 20:03:43,897 [worker:httpx] INFO: HTTP Request: GET https://www.okx.com/api/v5/account/positions?instType=SWAP "HTTP/2 401 Unauthorized"
2026-03-13 20:03:43,897 [worker:engine] WARNING: Position sync failed: get_positions failed: {'msg': 'Request header OK-ACCESS-PASSPHRASE incorrect.', 'code': '50105'}
2026-03-13 20:03:44,300 [worker:httpx] INFO: HTTP Request: GET https://www.okx.com/api/v5/account/positions?instType=SWAP "HTTP/2 401 Unauthorized"
2026-03-13 20:03:44,300 [worker:engine] WARNING: Position sync failed: get_positions failed: {'msg': 'Request header OK-ACCESS-PASSPHRASE incorrect.', 'code': '50105'}
2026-03-13 20:03:44,697 [worker:httpx] INFO: HTTP Request: GET https://www.okx.com/api/v5/account/positions?instType=SWAP "HTTP/2 401 Unauthorized"
2026-03-13 20:03:44,697 [worker:engine] WARNING: Position sync failed: get_positions failed: {'msg': 'Request header OK-ACCESS-PASSPHRASE incorrect.', 'code': '50105'}
2026-03-13 20:03:45,310 [worker:httpx] INFO: HTTP Request: GET https://www.okx.com/api/v5/account/positions?instType=SWAP "HTTP/2 401 Unauthorized"
2026-03-13 20:03:45,341 [worker:engine] WARNING: Position sync failed: get_positions failed: {'msg': 'Request header OK-ACCESS-PASSPHRASE incorrect.', 'code': '50105'}
2026-03-13 20:03:45,998 [worker:httpx] INFO: HTTP Request: GET https://www.okx.com/api/v5/account/positions?instType=SWAP "HTTP/2 401 Unauthorized"
2026-03-13 20:03:45,999 [worker:engine] WARNING: Position sync failed: get_positions failed: {'msg': 'Request header OK-ACCESS-PASSPHRASE incorrect.', 'code': '50105'}
2026-03-13 20:03:46,394 [worker:httpx] INFO: HTTP Request: GET https://www.okx.com/api/v5/account/positions?instType=SWAP "HTTP/2 401 Unauthorized"
2026-03-13 20:03:46,395 [worker:engine] WARNING: Position sync failed: get_positions failed: {'msg': 'Request header OK-ACCESS-PASSPHRASE incorrect.', 'code': '50105'}
2026-03-13 20:03:46,796 [worker:httpx] INFO: HTTP Request: GET https://www.okx.com/api/v5/account/positions?instType=SWAP "HTTP/2 401 Unauthorized"
2026-03-13 20:03:46,797 [worker:engine] WARNING: Position sync failed: get_positions failed: {'msg': 'Request header OK-ACCESS-PASSPHRASE incorrect.', 'code': '50105'}
2026-03-13 20:03:47,157 [worker:httpx] INFO: HTTP Request: GET https://www.okx.com/api/v5/account/positions?instType=SWAP "HTTP/2 401 Unauthorized"
2026-03-13 20:03:47,158 [worker:engine] WARNING: Position sync failed: get_positions failed: {'msg': 'Request header OK-ACCESS-PASSPHRASE incorrect.', 'code': '50105'}
2026-03-13 20:03:47,555 [worker:httpx] INFO: HTTP Request: GET https://www.okx.com/api/v5/account/positions?instType=SWAP "HTTP/2 401 Unauthorized"
2026-03-13 20:03:47,555 [worker:engine] WARNING: Position sync failed: get_positions failed: {'msg': 'Request header OK-ACCESS-PASSPHRASE incorrect.', 'code': '50105'}
2026-03-13 20:03:48,199 [worker:httpx] INFO: HTTP Request: GET https://www.okx.com/api/v5/account/positions?instType=SWAP "HTTP/2 401 Unauthorized"
2026-03-13 20:03:48,201 [worker:engine] WARNING: Position sync failed: get_positions failed: {'msg': 'Request header OK-ACCESS-PASSPHRASE incorrect.', 'code': '50105'}
2026-03-13 20:03:48,592 [worker:httpx] INFO: HTTP Request: GET https://www.okx.com/api/v5/account/positions?instType=SWAP "HTTP/2 401 Unauthorized"
2026-03-13 20:03:48,593 [worker:engine] WARNING: Position sync failed: get_positions failed: {'msg': 'Request header OK-ACCESS-PASSPHRASE incorrect.', 'code': '50105'}
2026-03-13 20:03:48,997 [worker:httpx] INFO: HTTP Request: GET https://www.okx.com/api/v5/account/positions?instType=SWAP "HTTP/2 401 Unauthorized"
2026-03-13 20:03:49,000 [worker:engine] WARNING: Position sync failed: get_positions failed: {'msg': 'Request header OK-ACCESS-PASSPHRASE incorrect.', 'code': '50105'}
2026-03-13 20:03:49,399 [worker:httpx] INFO: HTTP Request: GET https://www.okx.com/api/v5/account/positions?instType=SWAP "HTTP/2 401 Unauthorized"
2026-03-13 20:03:49,399 [worker:engine] WARNING: Position sync failed: get_positions failed: {'msg': 'Request header OK-ACCESS-PASSPHRASE incorrect.', 'code': '50105'}
2026-03-13 20:03:49,791 [worker:httpx] INFO: HTTP Request: GET https://www.okx.com/api/v5/account/positions?instType=SWAP "HTTP/2 401 Unauthorized"
2026-03-13 20:03:49,792 [worker:engine] WARNING: Position sync failed: get_positions failed: {'msg': 'Request header OK-ACCESS-PASSPHRASE incorrect.', 'code': '50105'}
2026-03-13 20:03:50,636 [worker:httpx] INFO: HTTP Request: GET https://www.okx.com/api/v5/account/positions?instType=SWAP "HTTP/2 401 Unauthorized"
2026-03-13 20:03:50,637 [worker:engine] WARNING: Position sync failed: get_positions failed: {'msg': 'Request header OK-ACCESS-PASSPHRASE incorrect.', 'code': '50105'}
2026-03-13 20:03:51,034 [worker:httpx] INFO: HTTP Request: GET https://www.okx.com/api/v5/account/positions?instType=SWAP "HTTP/2 401 Unauthorized"
2026-03-13 20:03:51,034 [worker:engine] WARNING: Position sync failed: get_positions failed: {'msg': 'Request header OK-ACCESS-PASSPHRASE incorrect.', 'code': '50105'}
2026-03-13 20:03:51,437 [worker:httpx] INFO: HTTP Request: GET https://www.okx.com/api/v5/account/positions?instType=SWAP "HTTP/2 401 Unauthorized"
2026-03-13 20:03:51,438 [worker:engine] WARNING: Position sync failed: get_positions failed: {'msg': 'Request header OK-ACCESS-PASSPHRASE incorrect.', 'code': '50105'}
2026-03-13 20:03:51,820 [worker:httpx] INFO: HTTP Request: GET https://www.okx.com/api/v5/account/positions?instType=SWAP "HTTP/2 401 Unauthorized"
2026-03-13 20:03:51,820 [worker:engine] WARNING: Position sync failed: get_positions failed: {'msg': 'Request header OK-ACCESS-PASSPHRASE incorrect.', 'code': '50105'}
2026-03-13 20:03:52,438 [worker:httpx] INFO: HTTP Request: GET https://www.okx.com/api/v5/account/positions?instType=SWAP "HTTP/2 401 Unauthorized"
2026-03-13 20:03:52,439 [worker:engine] WARNING: Position sync failed: get_positions failed: {'msg': 'Request header OK-ACCESS-PASSPHRASE incorrect.', 'code': '50105'}
2026-03-13 20:03:52,824 [worker:httpx] INFO: HTTP Request: GET https://www.okx.com/api/v5/account/positions?instType=SWAP "HTTP/2 401 Unauthorized"
2026-03-13 20:03:52,824 [worker:engine] WARNING: Position sync failed: get_positions failed: {'msg': 'Request header OK-ACCESS-PASSPHRASE incorrect.', 'code': '50105'}
2026-03-13 20:03:53,210 [worker:httpx] INFO: HTTP Request: GET https://www.okx.com/api/v5/account/positions?instType=SWAP "HTTP/2 401 Unauthorized"
2026-03-13 20:03:53,211 [worker:engine] WARNING: Position sync failed: get_positions failed: {'msg': 'Request header OK-ACCESS-PASSPHRASE incorrect.', 'code': '50105'}
2026-03-13 20:03:53,606 [worker:httpx] INFO: HTTP Request: GET https://www.okx.com/api/v5/account/positions?instType=SWAP "HTTP/2 401 Unauthorized"
2026-03-13 20:03:53,606 [worker:engine] WARNING: Position sync failed: get_positions failed: {'msg': 'Request header OK-ACCESS-PASSPHRASE incorrect.', 'code': '50105'}
2026-03-13 20:03:54,001 [worker:httpx] INFO: HTTP Request: GET https://www.okx.com/api/v5/account/positions?instType=SWAP "HTTP/2 401 Unauthorized"
2026-03-13 20:03:54,001 [worker:engine] WARNING: Position sync failed: get_positions failed: {'msg': 'Request header OK-ACCESS-PASSPHRASE incorrect.', 'code': '50105'}
2026-03-13 20:03:54,571 [worker:httpx] INFO: HTTP Request: GET https://www.okx.com/api/v5/account/positions?instType=SWAP "HTTP/2 401 Unauthorized"
2026-03-13 20:03:54,572 [worker:engine] WARNING: Position sync failed: get_positions failed: {'msg': 'Request header OK-ACCESS-PASSPHRASE incorrect.', 'code': '50105'}
2026-03-13 20:03:54,944 [worker:httpx] INFO: HTTP Request: GET https://www.okx.com/api/v5/account/positions?instType=SWAP "HTTP/2 401 Unauthorized"
2026-03-13 20:03:54,944 [worker:engine] WARNING: Position sync failed: get_positions failed: {'msg': 'Request header OK-ACCESS-PASSPHRASE incorrect.', 'code': '50105'}
2026-03-13 20:03:54,944 [worker:position] INFO: CLOSE (take_profit): spread=0.4601 pnl=2.4897%
2026-03-13 20:03:55,323 [worker:httpx] INFO: HTTP Request: GET https://www.okx.com/api/v5/account/positions?instType=SWAP "HTTP/2 401 Unauthorized"
2026-03-13 20:03:55,324 [worker:position] ERROR: Failed to execute close orders
Traceback (most recent call last):
  File "/Users/nickly/Desktop/robot/bot_manager/trading/position.py", line 313, in _close_position
    self._execute_close()
    ~~~~~~~~~~~~~~~~~~~^^
  File "/Users/nickly/Desktop/robot/bot_manager/trading/position.py", line 481, in _execute_close
    f"Batch entry: {ok_count}/{len(orders)} OK" + (f", {len(failed)} failed" if failed else ""),
        ^^^^^^^^^^^^^^^^^^^^^^^^
  File "/Users/nickly/Desktop/robot/bot_manager/trading/okx_client.py", line 119, in get_positions
    raise RuntimeError(f"get_positions failed: {r}")
RuntimeError: get_positions failed: {'msg': 'Request header OK-ACCESS-PASSPHRASE incorrect.', 'code': '50105'}
2026-03-13 20:03:57,872 [worker:httpx] INFO: HTTP Request: GET https://www.okx.com/api/v5/trade/fills-history?instType=SWAP&limit=100 "HTTP/2 401 Unauthorized"
2026-03-13 20:03:57,873 [worker:okx_client] WARNING: get_recent_close_pnl: failed to fetch fills: OKX API error: code=50105, msg=Request header OK-ACCESS-PASSPHRASE incorrect.
2026-03-13 20:03:57,873 [worker:engine] WARNING: Could not fetch real PnL from OKX — using spread-based (2.4897%). DB record may be inaccurate.
2026-03-13 20:03:58,250 [worker:httpx] INFO: HTTP Request: GET https://www.okx.com/api/v5/account/balance "HTTP/2 401 Unauthorized"
2026-03-13 20:03:58,642 [worker:spread] INFO: Reference prices refreshed from current quotes
2026-03-13 20:03:58,808 [worker:engine] INFO: Entry blocked for 10s after take_profit
2026-03-13 20:04:43,206 [worker:httpx] INFO: HTTP Request: GET https://www.okx.com/api/v5/account/balance "HTTP/2 401 Unauthorized"
2026-03-13 20:05:45,224 [worker:httpx] INFO: HTTP Request: GET https://www.okx.com/api/v5/account/balance "HTTP/2 401 Unauthorized"
2026-03-13 20:06:17,654 [worker:position] INFO: ENTRY: spread=-2.0053 long=basket1 short=basket2
2026-03-13 20:06:18,063 [worker:httpx] INFO: HTTP Request: GET https://www.okx.com/api/v5/account/balance "HTTP/2 401 Unauthorized"
2026-03-13 20:06:18,064 [worker:position] ERROR: Failed to execute entry orders — position tracked logically
Traceback (most recent call last):
  File "/Users/nickly/Desktop/robot/bot_manager/trading/position.py", line 281, in _open_position
    self._execute_entry(long_basket, short_basket)
    ~~~~~~~~~~~~~~~~~~~^^^^^^^^^^^^^^^^^^^^^^^^^^^
  File "/Users/nickly/Desktop/robot/bot_manager/trading/position.py", line 358, in _execute_entry
    balance = self.okx.get_balance()
  File "/Users/nickly/Desktop/robot/bot_manager/trading/okx_client.py", line 100, in get_balance
    raise RuntimeError(f"get_balance failed: {r}")
RuntimeError: get_balance failed: {'msg': 'Request header OK-ACCESS-PASSPHRASE incorrect.', 'code': '50105'}
2026-03-13 20:06:18,470 [worker:httpx] INFO: HTTP Request: GET https://www.okx.com/api/v5/account/positions?instType=SWAP "HTTP/2 401 Unauthorized"
2026-03-13 20:06:18,471 [worker:engine] WARNING: Position sync failed: get_positions failed: {'msg': 'Request header OK-ACCESS-PASSPHRASE incorrect.', 'code': '50105'}
2026-03-13 20:06:19,021 [worker:httpx] INFO: HTTP Request: GET https://www.okx.com/api/v5/account/positions?instType=SWAP "HTTP/2 401 Unauthorized"
2026-03-13 20:06:19,021 [worker:engine] WARNING: Position sync failed: get_positions failed: {'msg': 'Request header OK-ACCESS-PASSPHRASE incorrect.', 'code': '50105'}
2026-03-13 20:06:19,345 [worker:httpx] INFO: HTTP Request: GET https://www.okx.com/api/v5/account/positions?instType=SWAP "HTTP/2 401 Unauthorized"
2026-03-13 20:06:19,353 [worker:engine] WARNING: Position sync failed: get_positions failed: {'msg': 'Request header OK-ACCESS-PASSPHRASE incorrect.', 'code': '50105'}
2026-03-13 20:06:19,672 [worker:httpx] INFO: HTTP Request: GET https://www.okx.com/api/v5/account/positions?instType=SWAP "HTTP/2 401 Unauthorized"
2026-03-13 20:06:19,672 [worker:engine] WARNING: Position sync failed: get_positions failed: {'msg': 'Request header OK-ACCESS-PASSPHRASE incorrect.', 'code': '50105'}
2026-03-13 20:06:19,990 [worker:httpx] INFO: HTTP Request: GET https://www.okx.com/api/v5/account/positions?instType=SWAP "HTTP/2 401 Unauthorized"
2026-03-13 20:06:19,990 [worker:engine] WARNING: Position sync failed: get_positions failed: {'msg': 'Request header OK-ACCESS-PASSPHRASE incorrect.', 'code': '50105'}
2026-03-13 20:06:20,307 [worker:httpx] INFO: HTTP Request: GET https://www.okx.com/api/v5/account/positions?instType=SWAP "HTTP/2 401 Unauthorized"
2026-03-13 20:06:20,308 [worker:engine] WARNING: Position sync failed: get_positions failed: {'msg': 'Request header OK-ACCESS-PASSPHRASE incorrect.', 'code': '50105'}
2026-03-13 20:06:20,629 [worker:httpx] INFO: HTTP Request: GET https://www.okx.com/api/v5/account/positions?instType=SWAP "HTTP/2 401 Unauthorized"
2026-03-13 20:06:20,629 [worker:engine] WARNING: Position sync failed: get_positions failed: {'msg': 'Request header OK-ACCESS-PASSPHRASE incorrect.', 'code': '50105'}
2026-03-13 20:06:21,174 [worker:httpx] INFO: HTTP Request: GET https://www.okx.com/api/v5/account/positions?instType=SWAP "HTTP/2 401 Unauthorized"
2026-03-13 20:06:21,174 [worker:engine] WARNING: Position sync failed: get_positions failed: {'msg': 'Request header OK-ACCESS-PASSPHRASE incorrect.', 'code': '50105'}
2026-03-13 20:06:21,715 [worker:httpx] INFO: HTTP Request: GET https://www.okx.com/api/v5/account/positions?instType=SWAP "HTTP/2 401 Unauthorized"
2026-03-13 20:06:21,716 [worker:engine] WARNING: Position sync failed: get_positions failed: {'msg': 'Request header OK-ACCESS-PASSPHRASE incorrect.', 'code': '50105'}
2026-03-13 20:06:22,033 [worker:httpx] INFO: HTTP Request: GET https://www.okx.com/api/v5/account/positions?instType=SWAP "HTTP/2 401 Unauthorized"
2026-03-13 20:06:22,033 [worker:engine] WARNING: Position sync failed: get_positions failed: {'msg': 'Request header OK-ACCESS-PASSPHRASE incorrect.', 'code': '50105'}
2026-03-13 20:06:22,352 [worker:httpx] INFO: HTTP Request: GET https://www.okx.com/api/v5/account/positions?instType=SWAP "HTTP/2 401 Unauthorized"
2026-03-13 20:06:22,352 [worker:engine] WARNING: Position sync failed: get_positions failed: {'msg': 'Request header OK-ACCESS-PASSPHRASE incorrect.', 'code': '50105'}
2026-03-13 20:06:22,682 [worker:httpx] INFO: HTTP Request: GET https://www.okx.com/api/v5/account/positions?instType=SWAP "HTTP/2 401 Unauthorized"
2026-03-13 20:06:22,683 [worker:engine] WARNING: Position sync failed: get_positions failed: {'msg': 'Request header OK-ACCESS-PASSPHRASE incorrect.', 'code': '50105'}
2026-03-13 20:06:23,233 [worker:httpx] INFO: HTTP Request: GET https://www.okx.com/api/v5/account/positions?instType=SWAP "HTTP/2 401 Unauthorized"
2026-03-13 20:06:23,233 [worker:engine] WARNING: Position sync failed: get_positions failed: {'msg': 'Request header OK-ACCESS-PASSPHRASE incorrect.', 'code': '50105'}
2026-03-13 20:06:23,562 [worker:httpx] INFO: HTTP Request: GET https://www.okx.com/api/v5/account/positions?instType=SWAP "HTTP/2 401 Unauthorized"
2026-03-13 20:06:23,563 [worker:engine] WARNING: Position sync failed: get_positions failed: {'msg': 'Request header OK-ACCESS-PASSPHRASE incorrect.', 'code': '50105'}
2026-03-13 20:06:23,874 [worker:httpx] INFO: HTTP Request: GET https://www.okx.com/api/v5/account/positions?instType=SWAP "HTTP/2 401 Unauthorized"
2026-03-13 20:06:23,874 [worker:engine] WARNING: Position sync failed: get_positions failed: {'msg': 'Request header OK-ACCESS-PASSPHRASE incorrect.', 'code': '50105'}
2026-03-13 20:06:24,314 [worker:httpx] INFO: HTTP Request: GET https://www.okx.com/api/v5/account/positions?instType=SWAP "HTTP/2 401 Unauthorized"
2026-03-13 20:06:24,316 [worker:engine] WARNING: Position sync failed: get_positions failed: {'msg': 'Request header OK-ACCESS-PASSPHRASE incorrect.', 'code': '50105'}
2026-03-13 20:06:24,856 [worker:httpx] INFO: HTTP Request: GET https://www.okx.com/api/v5/account/positions?instType=SWAP "HTTP/2 401 Unauthorized"
2026-03-13 20:06:24,857 [worker:engine] WARNING: Position sync failed: get_positions failed: {'msg': 'Request header OK-ACCESS-PASSPHRASE incorrect.', 'code': '50105'}
2026-03-13 20:06:30,259 [worker:httpx] INFO: HTTP Request: GET https://www.okx.com/api/v5/account/positions?instType=SWAP "HTTP/2 401 Unauthorized"
2026-03-13 20:06:30,261 [worker:engine] WARNING: Position sync failed: get_positions failed: {'msg': 'Request header OK-ACCESS-PASSPHRASE incorrect.', 'code': '50105'}
2026-03-13 20:06:40,063 [worker:httpx] INFO: HTTP Request: GET https://www.okx.com/api/v5/account/positions?instType=SWAP "HTTP/2 401 Unauthorized"
2026-03-13 20:06:40,064 [worker:engine] WARNING: Position sync failed: get_positions failed: {'msg': 'Request header OK-ACCESS-PASSPHRASE incorrect.', 'code': '50105'}
2026-03-13 20:06:40,795 [worker:httpx] INFO: HTTP Request: GET https://www.okx.com/api/v5/account/positions?instType=SWAP "HTTP/2 401 Unauthorized"
2026-03-13 20:06:40,796 [worker:engine] WARNING: Position sync failed: get_positions failed: {'msg': 'Request header OK-ACCESS-PASSPHRASE incorrect.', 'code': '50105'}
2026-03-13 20:06:41,164 [worker:httpx] INFO: HTTP Request: GET https://www.okx.com/api/v5/account/positions?instType=SWAP "HTTP/2 401 Unauthorized"
2026-03-13 20:06:41,164 [worker:engine] WARNING: Position sync failed: get_positions failed: {'msg': 'Request header OK-ACCESS-PASSPHRASE incorrect.', 'code': '50105'}
2026-03-13 20:06:41,564 [worker:httpx] INFO: HTTP Request: GET https://www.okx.com/api/v5/account/positions?instType=SWAP "HTTP/2 401 Unauthorized"
2026-03-13 20:06:41,565 [worker:engine] WARNING: Position sync failed: get_positions failed: {'msg': 'Request header OK-ACCESS-PASSPHRASE incorrect.', 'code': '50105'}
2026-03-13 20:06:41,951 [worker:httpx] INFO: HTTP Request: GET https://www.okx.com/api/v5/account/positions?instType=SWAP "HTTP/2 401 Unauthorized"
2026-03-13 20:06:41,951 [worker:engine] WARNING: Position sync failed: get_positions failed: {'msg': 'Request header OK-ACCESS-PASSPHRASE incorrect.', 'code': '50105'}
2026-03-13 20:06:42,338 [worker:httpx] INFO: HTTP Request: GET https://www.okx.com/api/v5/account/positions?instType=SWAP "HTTP/2 401 Unauthorized"
2026-03-13 20:06:42,338 [worker:engine] WARNING: Position sync failed: get_positions failed: {'msg': 'Request header OK-ACCESS-PASSPHRASE incorrect.', 'code': '50105'}
2026-03-13 20:06:42,901 [worker:httpx] INFO: HTTP Request: GET https://www.okx.com/api/v5/account/positions?instType=SWAP "HTTP/2 401 Unauthorized"
2026-03-13 20:06:42,901 [worker:engine] WARNING: Position sync failed: get_positions failed: {'msg': 'Request header OK-ACCESS-PASSPHRASE incorrect.', 'code': '50105'}
2026-03-13 20:06:43,284 [worker:httpx] INFO: HTTP Request: GET https://www.okx.com/api/v5/account/positions?instType=SWAP "HTTP/2 401 Unauthorized"
2026-03-13 20:06:43,284 [worker:engine] WARNING: Position sync failed: get_positions failed: {'msg': 'Request header OK-ACCESS-PASSPHRASE incorrect.', 'code': '50105'}
2026-03-13 20:06:43,669 [worker:httpx] INFO: HTTP Request: GET https://www.okx.com/api/v5/account/positions?instType=SWAP "HTTP/2 401 Unauthorized"
2026-03-13 20:06:43,670 [worker:engine] WARNING: Position sync failed: get_positions failed: {'msg': 'Request header OK-ACCESS-PASSPHRASE incorrect.', 'code': '50105'}
2026-03-13 20:06:43,914 [worker:httpx] INFO: HTTP Request: GET https://www.okx.com/api/v5/account/positions?instType=SWAP "HTTP/2 401 Unauthorized"
2026-03-13 20:06:43,915 [worker:engine] WARNING: Position sync failed: get_positions failed: {'msg': 'Request header OK-ACCESS-PASSPHRASE incorrect.', 'code': '50105'}
2026-03-13 20:06:44,304 [worker:httpx] INFO: HTTP Request: GET https://www.okx.com/api/v5/account/positions?instType=SWAP "HTTP/2 401 Unauthorized"
2026-03-13 20:06:44,304 [worker:engine] WARNING: Position sync failed: get_positions failed: {'msg': 'Request header OK-ACCESS-PASSPHRASE incorrect.', 'code': '50105'}
2026-03-13 20:06:44,571 [worker:httpx] INFO: HTTP Request: GET https://www.okx.com/api/v5/account/positions?instType=SWAP "HTTP/2 401 Unauthorized"
2026-03-13 20:06:44,571 [worker:engine] WARNING: Position sync failed: get_positions failed: {'msg': 'Request header OK-ACCESS-PASSPHRASE incorrect.', 'code': '50105'}
2026-03-13 20:06:45,200 [worker:httpx] INFO: HTTP Request: GET https://www.okx.com/api/v5/account/positions?instType=SWAP "HTTP/2 401 Unauthorized"
2026-03-13 20:06:45,200 [worker:engine] WARNING: Position sync failed: get_positions failed: {'msg': 'Request header OK-ACCESS-PASSPHRASE incorrect.', 'code': '50105'}
2026-03-13 20:06:45,781 [worker:httpx] INFO: HTTP Request: GET https://www.okx.com/api/v5/account/positions?instType=SWAP "HTTP/2 401 Unauthorized"
2026-03-13 20:06:45,782 [worker:engine] WARNING: Position sync failed: get_positions failed: {'msg': 'Request header OK-ACCESS-PASSPHRASE incorrect.', 'code': '50105'}
2026-03-13 20:06:46,161 [worker:httpx] INFO: HTTP Request: GET https://www.okx.com/api/v5/account/positions?instType=SWAP "HTTP/2 401 Unauthorized"
2026-03-13 20:06:46,163 [worker:engine] WARNING: Position sync failed: get_positions failed: {'msg': 'Request header OK-ACCESS-PASSPHRASE incorrect.', 'code': '50105'}
2026-03-13 20:06:46,548 [worker:httpx] INFO: HTTP Request: GET https://www.okx.com/api/v5/account/positions?instType=SWAP "HTTP/2 401 Unauthorized"
2026-03-13 20:06:46,548 [worker:engine] WARNING: Position sync failed: get_positions failed: {'msg': 'Request header OK-ACCESS-PASSPHRASE incorrect.', 'code': '50105'}
2026-03-13 20:06:46,809 [worker:httpx] INFO: HTTP Request: GET https://www.okx.com/api/v5/account/positions?instType=SWAP "HTTP/2 401 Unauthorized"
2026-03-13 20:06:46,810 [worker:engine] WARNING: Position sync failed: get_positions failed: {'msg': 'Request header OK-ACCESS-PASSPHRASE incorrect.', 'code': '50105'}
2026-03-13 20:06:47,079 [worker:httpx] INFO: HTTP Request: GET https://www.okx.com/api/v5/account/balance "HTTP/2 401 Unauthorized"
2026-03-13 20:06:47,625 [worker:httpx] INFO: HTTP Request: GET https://www.okx.com/api/v5/account/positions?instType=SWAP "HTTP/2 401 Unauthorized"
2026-03-13 20:06:47,626 [worker:engine] WARNING: Position sync failed: get_positions failed: {'msg': 'Request header OK-ACCESS-PASSPHRASE incorrect.', 'code': '50105'}
2026-03-13 20:06:48,016 [worker:httpx] INFO: HTTP Request: GET https://www.okx.com/api/v5/account/positions?instType=SWAP "HTTP/2 401 Unauthorized"
2026-03-13 20:06:48,017 [worker:engine] WARNING: Position sync failed: get_positions failed: {'msg': 'Request header OK-ACCESS-PASSPHRASE incorrect.', 'code': '50105'}
2026-03-13 20:06:48,382 [worker:httpx] INFO: HTTP Request: GET https://www.okx.com/api/v5/account/positions?instType=SWAP "HTTP/2 401 Unauthorized"
2026-03-13 20:06:48,383 [worker:engine] WARNING: Position sync failed: get_positions failed: {'msg': 'Request header OK-ACCESS-PASSPHRASE incorrect.', 'code': '50105'}
2026-03-13 20:06:48,786 [worker:httpx] INFO: HTTP Request: GET https://www.okx.com/api/v5/account/positions?instType=SWAP "HTTP/2 401 Unauthorized"
2026-03-13 20:06:48,786 [worker:engine] WARNING: Position sync failed: get_positions failed: {'msg': 'Request header OK-ACCESS-PASSPHRASE incorrect.', 'code': '50105'}
2026-03-13 20:06:49,183 [worker:httpx] INFO: HTTP Request: GET https://www.okx.com/api/v5/account/positions?instType=SWAP "HTTP/2 401 Unauthorized"
2026-03-13 20:06:49,183 [worker:engine] WARNING: Position sync failed: get_positions failed: {'msg': 'Request header OK-ACCESS-PASSPHRASE incorrect.', 'code': '50105'}
2026-03-13 20:06:49,725 [worker:httpx] INFO: HTTP Request: GET https://www.okx.com/api/v5/account/positions?instType=SWAP "HTTP/2 401 Unauthorized"
2026-03-13 20:06:49,742 [worker:engine] WARNING: Position sync failed: get_positions failed: {'msg': 'Request header OK-ACCESS-PASSPHRASE incorrect.', 'code': '50105'}
2026-03-13 20:06:50,135 [worker:httpx] INFO: HTTP Request: GET https://www.okx.com/api/v5/account/positions?instType=SWAP "HTTP/2 401 Unauthorized"
2026-03-13 20:06:50,135 [worker:engine] WARNING: Position sync failed: get_positions failed: {'msg': 'Request header OK-ACCESS-PASSPHRASE incorrect.', 'code': '50105'}
2026-03-13 20:06:50,531 [worker:httpx] INFO: HTTP Request: GET https://www.okx.com/api/v5/account/positions?instType=SWAP "HTTP/2 401 Unauthorized"
2026-03-13 20:06:50,531 [worker:engine] WARNING: Position sync failed: get_positions failed: {'msg': 'Request header OK-ACCESS-PASSPHRASE incorrect.', 'code': '50105'}
2026-03-13 20:06:51,105 [worker:httpx] INFO: HTTP Request: GET https://www.okx.com/api/v5/account/positions?instType=SWAP "HTTP/2 401 Unauthorized"
2026-03-13 20:06:51,122 [worker:engine] WARNING: Position sync failed: get_positions failed: {'msg': 'Request header OK-ACCESS-PASSPHRASE incorrect.', 'code': '50105'}
2026-03-13 20:06:51,514 [worker:httpx] INFO: HTTP Request: GET https://www.okx.com/api/v5/account/positions?instType=SWAP "HTTP/2 401 Unauthorized"
2026-03-13 20:06:51,514 [worker:engine] WARNING: Position sync failed: get_positions failed: {'msg': 'Request header OK-ACCESS-PASSPHRASE incorrect.', 'code': '50105'}
2026-03-13 20:06:52,077 [worker:httpx] INFO: HTTP Request: GET https://www.okx.com/api/v5/account/positions?instType=SWAP "HTTP/2 401 Unauthorized"
2026-03-13 20:06:52,078 [worker:engine] WARNING: Position sync failed: get_positions failed: {'msg': 'Request header OK-ACCESS-PASSPHRASE incorrect.', 'code': '50105'}
2026-03-13 20:06:52,466 [worker:httpx] INFO: HTTP Request: GET https://www.okx.com/api/v5/account/positions?instType=SWAP "HTTP/2 401 Unauthorized"
2026-03-13 20:06:52,467 [worker:engine] WARNING: Position sync failed: get_positions failed: {'msg': 'Request header OK-ACCESS-PASSPHRASE incorrect.', 'code': '50105'}
2026-03-13 20:06:52,855 [worker:httpx] INFO: HTTP Request: GET https://www.okx.com/api/v5/account/positions?instType=SWAP "HTTP/2 401 Unauthorized"
2026-03-13 20:06:52,856 [worker:engine] WARNING: Position sync failed: get_positions failed: {'msg': 'Request header OK-ACCESS-PASSPHRASE incorrect.', 'code': '50105'}
2026-03-13 20:06:53,246 [worker:httpx] INFO: HTTP Request: GET https://www.okx.com/api/v5/account/positions?instType=SWAP "HTTP/2 401 Unauthorized"
2026-03-13 20:06:53,246 [worker:engine] WARNING: Position sync failed: get_positions failed: {'msg': 'Request header OK-ACCESS-PASSPHRASE incorrect.', 'code': '50105'}
2026-03-13 20:06:53,639 [worker:httpx] INFO: HTTP Request: GET https://www.okx.com/api/v5/account/positions?instType=SWAP "HTTP/2 401 Unauthorized"
2026-03-13 20:06:53,639 [worker:engine] WARNING: Position sync failed: get_positions failed: {'msg': 'Request header OK-ACCESS-PASSPHRASE incorrect.', 'code': '50105'}
2026-03-13 20:06:54,181 [worker:httpx] INFO: HTTP Request: GET https://www.okx.com/api/v5/account/positions?instType=SWAP "HTTP/2 401 Unauthorized"
2026-03-13 20:06:54,182 [worker:engine] WARNING: Position sync failed: get_positions failed: {'msg': 'Request header OK-ACCESS-PASSPHRASE incorrect.', 'code': '50105'}
2026-03-13 20:06:54,577 [worker:httpx] INFO: HTTP Request: GET https://www.okx.com/api/v5/account/positions?instType=SWAP "HTTP/2 401 Unauthorized"
2026-03-13 20:06:54,577 [worker:engine] WARNING: Position sync failed: get_positions failed: {'msg': 'Request header OK-ACCESS-PASSPHRASE incorrect.', 'code': '50105'}
2026-03-13 20:06:54,987 [worker:httpx] INFO: HTTP Request: GET https://www.okx.com/api/v5/account/positions?instType=SWAP "HTTP/2 401 Unauthorized"
2026-03-13 20:06:54,988 [worker:engine] WARNING: Position sync failed: get_positions failed: {'msg': 'Request header OK-ACCESS-PASSPHRASE incorrect.', 'code': '50105'}
2026-03-13 20:06:55,398 [worker:httpx] INFO: HTTP Request: GET https://www.okx.com/api/v5/account/positions?instType=SWAP "HTTP/2 401 Unauthorized"
2026-03-13 20:06:55,398 [worker:engine] WARNING: Position sync failed: get_positions failed: {'msg': 'Request header OK-ACCESS-PASSPHRASE incorrect.', 'code': '50105'}
2026-03-13 20:06:55,806 [worker:httpx] INFO: HTTP Request: GET https://www.okx.com/api/v5/account/positions?instType=SWAP "HTTP/2 401 Unauthorized"
2026-03-13 20:06:55,808 [worker:engine] WARNING: Position sync failed: get_positions failed: {'msg': 'Request header OK-ACCESS-PASSPHRASE incorrect.', 'code': '50105'}
2026-03-13 20:06:56,607 [worker:httpx] INFO: HTTP Request: GET https://www.okx.com/api/v5/account/positions?instType=SWAP "HTTP/2 401 Unauthorized"
2026-03-13 20:06:56,608 [worker:engine] WARNING: Position sync failed: get_positions failed: {'msg': 'Request header OK-ACCESS-PASSPHRASE incorrect.', 'code': '50105'}
2026-03-13 20:06:57,006 [worker:httpx] INFO: HTTP Request: GET https://www.okx.com/api/v5/account/positions?instType=SWAP "HTTP/2 401 Unauthorized"
2026-03-13 20:06:57,007 [worker:engine] WARNING: Position sync failed: get_positions failed: {'msg': 'Request header OK-ACCESS-PASSPHRASE incorrect.', 'code': '50105'}
2026-03-13 20:06:57,279 [worker:httpx] INFO: HTTP Request: GET https://www.okx.com/api/v5/account/positions?instType=SWAP "HTTP/2 401 Unauthorized"
2026-03-13 20:06:57,280 [worker:engine] WARNING: Position sync failed: get_positions failed: {'msg': 'Request header OK-ACCESS-PASSPHRASE incorrect.', 'code': '50105'}
2026-03-13 20:06:57,660 [worker:httpx] INFO: HTTP Request: GET https://www.okx.com/api/v5/account/positions?instType=SWAP "HTTP/2 401 Unauthorized"
2026-03-13 20:06:57,661 [worker:engine] WARNING: Position sync failed: get_positions failed: {'msg': 'Request header OK-ACCESS-PASSPHRASE incorrect.', 'code': '50105'}
2026-03-13 20:06:58,058 [worker:httpx] INFO: HTTP Request: GET https://www.okx.com/api/v5/account/positions?instType=SWAP "HTTP/2 401 Unauthorized"
2026-03-13 20:06:58,059 [worker:engine] WARNING: Position sync failed: get_positions failed: {'msg': 'Request header OK-ACCESS-PASSPHRASE incorrect.', 'code': '50105'}
2026-03-13 20:06:58,622 [worker:httpx] INFO: HTTP Request: GET https://www.okx.com/api/v5/account/positions?instType=SWAP "HTTP/2 401 Unauthorized"
2026-03-13 20:06:58,623 [worker:engine] WARNING: Position sync failed: get_positions failed: {'msg': 'Request header OK-ACCESS-PASSPHRASE incorrect.', 'code': '50105'}
2026-03-13 20:06:59,023 [worker:httpx] INFO: HTTP Request: GET https://www.okx.com/api/v5/account/positions?instType=SWAP "HTTP/2 401 Unauthorized"
2026-03-13 20:06:59,023 [worker:engine] WARNING: Position sync failed: get_positions failed: {'msg': 'Request header OK-ACCESS-PASSPHRASE incorrect.', 'code': '50105'}
2026-03-13 20:06:59,389 [worker:httpx] INFO: HTTP Request: GET https://www.okx.com/api/v5/account/positions?instType=SWAP "HTTP/2 401 Unauthorized"
2026-03-13 20:06:59,390 [worker:engine] WARNING: Position sync failed: get_positions failed: {'msg': 'Request header OK-ACCESS-PASSPHRASE incorrect.', 'code': '50105'}
2026-03-13 20:06:59,788 [worker:httpx] INFO: HTTP Request: GET https://www.okx.com/api/v5/account/positions?instType=SWAP "HTTP/2 401 Unauthorized"
2026-03-13 20:06:59,789 [worker:engine] WARNING: Position sync failed: get_positions failed: {'msg': 'Request header OK-ACCESS-PASSPHRASE incorrect.', 'code': '50105'}
2026-03-13 20:07:00,186 [worker:httpx] INFO: HTTP Request: GET https://www.okx.com/api/v5/account/positions?instType=SWAP "HTTP/2 401 Unauthorized"
2026-03-13 20:07:00,187 [worker:engine] WARNING: Position sync failed: get_positions failed: {'msg': 'Request header OK-ACCESS-PASSPHRASE incorrect.', 'code': '50105'}
2026-03-13 20:07:00,187 [worker:position] INFO: CLOSE (take_profit): spread=0.2594 pnl=2.2647%
2026-03-13 20:07:00,589 [worker:httpx] INFO: HTTP Request: GET https://www.okx.com/api/v5/account/positions?instType=SWAP "HTTP/2 401 Unauthorized"
2026-03-13 20:07:00,589 [worker:position] ERROR: Failed to execute close orders
Traceback (most recent call last):
  File "/Users/nickly/Desktop/robot/bot_manager/trading/position.py", line 313, in _close_position
    self._execute_close()
    ~~~~~~~~~~~~~~~~~~~^^
  File "/Users/nickly/Desktop/robot/bot_manager/trading/position.py", line 481, in _execute_close
    f"Batch entry: {ok_count}/{len(orders)} OK" + (f", {len(failed)} failed" if failed else ""),
        ^^^^^^^^^^^^^^^^^^^^^^^^
  File "/Users/nickly/Desktop/robot/bot_manager/trading/okx_client.py", line 119, in get_positions
    raise RuntimeError(f"get_positions failed: {r}")
RuntimeError: get_positions failed: {'msg': 'Request header OK-ACCESS-PASSPHRASE incorrect.', 'code': '50105'}
2026-03-13 20:07:03,003 [worker:httpx] INFO: HTTP Request: GET https://www.okx.com/api/v5/trade/fills-history?instType=SWAP&limit=100 "HTTP/2 401 Unauthorized"
2026-03-13 20:07:03,004 [worker:okx_client] WARNING: get_recent_close_pnl: failed to fetch fills: OKX API error: code=50105, msg=Request header OK-ACCESS-PASSPHRASE incorrect.
2026-03-13 20:07:03,004 [worker:engine] WARNING: Could not fetch real PnL from OKX — using spread-based (2.2647%). DB record may be inaccurate.
2026-03-13 20:07:03,384 [worker:httpx] INFO: HTTP Request: GET https://www.okx.com/api/v5/account/balance "HTTP/2 401 Unauthorized"
2026-03-13 20:07:03,658 [worker:spread] INFO: Reference prices refreshed from current quotes
2026-03-13 20:07:03,758 [worker:engine] INFO: Entry blocked for 10s after take_profit
2026-03-13 20:07:05,249 [worker:asyncio] ERROR: Task exception was never retrieved
future: <Task finished name='Task-3' coro=<WsPublicAsync.consume() done, defined at /Users/nickly/Desktop/robot/bot_manager/env/lib/python3.13/site-packages/okx/websocket/WsPublicAsync.py:33> exception=ConnectionClosedError(None, Close(code=<CloseCode.INTERNAL_ERROR: 1011>, reason='keepalive ping timeout'), None)>
Traceback (most recent call last):
  File "/Users/nickly/Desktop/robot/bot_manager/env/lib/python3.13/site-packages/okx/websocket/WsPublicAsync.py", line 34, in consume
    async for message in self.websocket:
    ...<3 lines>...
            self.callback(message)
  File "/Users/nickly/Desktop/robot/bot_manager/env/lib/python3.13/site-packages/websockets/asyncio/connection.py", line 244, in __aiter__
    yield await self.recv()
          ^^^^^^^^^^^^^^^^^
  File "/Users/nickly/Desktop/robot/bot_manager/env/lib/python3.13/site-packages/websockets/asyncio/connection.py", line 324, in recv
    raise self.protocol.close_exc from self.recv_exc
websockets.exceptions.ConnectionClosedError: sent 1011 (internal error) keepalive ping timeout; no close frame received
2026-03-13 20:07:49,057 [worker:httpx] INFO: HTTP Request: GET https://www.okx.com/api/v5/account/balance "HTTP/2 401 Unauthorized"
2026-03-13 20:08:50,771 [worker:httpx] INFO: HTTP Request: GET https://www.okx.com/api/v5/account/balance "HTTP/2 401 Unauthorized"
2026-03-13 20:09:52,200 [worker:httpx] INFO: HTTP Request: GET https://www.okx.com/api/v5/account/balance "HTTP/2 401 Unauthorized"
2026-03-13 20:10:53,574 [worker:httpx] INFO: HTTP Request: GET https://www.okx.com/api/v5/account/balance "HTTP/2 401 Unauthorized"
2026-03-13 20:11:54,409 [worker:httpx] INFO: HTTP Request: GET https://www.okx.com/api/v5/account/balance "HTTP/2 401 Unauthorized"
2026-03-13 20:12:55,172 [worker:httpx] INFO: HTTP Request: GET https://www.okx.com/api/v5/account/balance "HTTP/2 401 Unauthorized"
2026-03-13 20:13:56,654 [worker:httpx] INFO: HTTP Request: GET https://www.okx.com/api/v5/account/balance "HTTP/2 401 Unauthorized"
2026-03-13 20:14:57,410 [worker:httpx] INFO: HTTP Request: GET https://www.okx.com/api/v5/account/balance "HTTP/2 401 Unauthorized"
2026-03-13 20:15:26,061 [worker:bot_worker] INFO: SIGTERM received — saving state and exiting
2026-03-13 20:15:26,325 [worker:engine] INFO: State saved for user_id=3
